name	size
TP53	1838
ERBB2	1233
estrogens	1154
tamoxifen	987
BRCA1	982
AKT1	907
Proto-Oncogene Proteins c-akt	873
Estrogen Receptor alpha	862
Estrogen Receptors	829
ABCG2	625
EGFR	573
estradiol	543
erbB-2 Receptor	462
trastuzumab	424
CDKN1A	403
Epidermal Growth Factor Receptor	387
PGR	379
PTEN	371
EGF	368
ESR1	354
CDK2	346
STAT3	344
Cyclin D1	342
H3F3AP6	336
NSG1	336
TCEAL1	336
ERBB3	334
paclitaxel	323
"Receptors, Progesterone"	322
CCND1	304
EREG	294
P-Glycoprotein	288
VEGFA	280
Phosphotransferases	270
Mitogen-Activated Protein Kinases	265
BAX	263
BRCA2	260
NF-kappa B	251
Transforming Growth Factor beta	243
Aromatase	241
Insulin-Like Growth Factor I	233
MDM2	230
Estrogen Antagonists	223
DCTN6	219
IFI27	219
PIK3CA	219
PSMD9	219
SSSCA1	219
TMED7	219
Progestins	214
VEGF	214
MAPK1	212
MYC	208
SRC	197
Antibodies	195
beta catenin	193
progesterone	190
Tumor Suppressor Genes	187
MAPK8	186
lapatinib	182
EPHB2	179
Small Molecule	177
Carcinogens	176
epidermal growth factor	175
TNF	174
TGFB1	168
E-Cadherin	164
CDKN2A	158
Monoclonal Antibodies	158
AR	153
docetaxel	152
Matrix Metalloproteinase 9	148
MTOR	148
Proto-Oncogene Protein pp60 (c-src)	147
cisplatin	146
ABCB1	144
TRANSCRIPTION FACTOR	143
Estrogen Receptor beta	139
FRAP1	138
c-myc Genes	135
NEU1	133
NEURL1	133
CYP1A1	128
survivin	123
multicatalytic endopeptidase complex	120
prolactin	119
CXCR4	118
SP1	118
PIK3CB	116
melatonin	115
PARP1	115
STAT5A	115
PIK3CD	113
PIK3CG	113
Membrane Transport Proteins	112
"3,4-Methylenedioxyamphetamine"	111
Aromatase Inhibitors	110
Somatomedins	110
HSP90 Heat-Shock Proteins	106
Androgens	105
CDK4	105
Soluble ErbB-1	105
CRK	104
cyclooxygenase 2	103
fluorouracil	103
tretinoin	100
Androgen Receptor	99
leptin	99
resveratrol	95
metformin	94
SKP2	92
Protein p53	91
Adriamycin	89
AHR	89
curcumin	88
methotrexate	87
E2F1	86
Estrogenic	85
Matrix Metalloproteinase 2	85
Osteoporosis	85
urokinase	85
1-Phosphatidylinositol 3-Kinase	84
Aryl Hydrocarbon Receptor	82
Integrins	82
letrozole	82
Cyclin E	81
LEP	78
SMAD3	78
TWIST1	77
COL11A2	75
ESR2	75
HSP90AA1	75
Obesity	75
Receptor Protein-Tyrosine Kinases	75
Retinoblastoma Protein	75
BCL2	74
CD44	74
gefitinib	74
PRL	74
Proliferating Cell Nuclear Antigen	74
RHOA	74
TFF1	73
Herceptin	71
Protein-tyrosine kinase inhibitor	71
anastrozole	70
caspase-3	70
Focal Adhesion Protein-Tyrosine Kinases	70
Selective Estrogen Receptor Modulators	70
JUN	69
EP300	68
fulvestrant	68
raloxifene	67
Cyclin-Dependent Kinase 4	66
ERBB4	66
ATP8A2	65
Vimentin	65
RB1	64
Antineoplastic Agents	63
BARD1	63
Hypercalcemia	63
interleukin-6	63
cytokine	62
NOS3	62
Taxol	62
bevacizumab	61
Breast Diseases	61
Insulin	60
Insulin-Like-Growth Factor I Receptor	60
FOXM1	59
insulin-like growth factor 2	59
TERT	59
Phytoestrogens	58
ATM	57
CXCL12	57
epigallocatechin gallate	57
Protein Kinase C	57
CYP2D6	56
medroxyprogesterone acetate	56
ROS1	56
Chromatin	55
ICI 182780	55
caspase	54
estrone	53
Fatty-acid synthase	53
Hormone Receptor	53
pertuzumab	53
PLAT	53
Cyclin-Dependent Kinases	52
Heregulin	51
MAPK3	51
RAD51	51
ethanol	50
"1,4-dioxin"	49
dexamethasone	49
Skp2 Proteins	49
GPER1	48
Insulin-Like Growth Factor Binding Protein 3	48
mitoxantrone	48
protein-tyrosine kinase c-src	48
BBS9	47
capecitabine	47
caspase-9	47
everolimus	47
Flavonoids	47
LMOD1	47
PLAU	47
Protein Kinases	47
"ATPase, Aminophospholipid Transporter-Like, Class I, Type 8A, Member 2"	46
CHEK2	46
"Contraceptives, Oral"	46
diindolylmethane	46
epirubicin	46
taxane	46
Tetradecanoylphorbol Acetate	46
Alkaline Phosphatase	45
Cadherins	45
collagen	45
PPAR gamma	45
PTK2	45
RAC1	45
Fibronectins	44
FOXO3	44
imatinib	44
UBE2L3	44
BIRC5	42
prasterone	42
RAC-Alpha Serine/Threonine Kinase	42
"Receptors, Nuclear"	42
Vitamin D3 Receptor	42
Dihydrotestosterone	41
ERVK-19	41
HIF1alpha protein	41
osteopontin	41
CAMP	40
caspase-8	40
gemcitabine	40
Matrix Metalloproteinases	40
PRLR	40
Cardiovascular Diseases	39
quercetin	39
Taxanes	39
TMEM37	39
vinorelbine	39
4-hydroxytamoxifen	38
BCAR1	38
carboplatin	38
exemestane	38
GABPA	38
Isoflavones	38
parathyroid hormone-related protein	38
PIN1	38
SMAD4	38
testosterone	38
Calmodulin	37
Chemokine CXCL12	37
Extracellular Signal Regulated Kinases	37
"interleukin-1, beta"	37
ITK	37
Oncogene Proteins	37
SIRT1	37
NOTCH1	36
PALB2	36
Phosphoric Monoester Hydrolases	36
Telomerase	36
tyrosine	36
vitamin D	36
Amphiregulin	35
CCNB1	35
ERVK-9	35
GATA3	35
MAPK14	35
NFE2L2	35
NFKB1	35
Steroid hormone	35
Transforming Growth Factor alpha	35
ZEB1	35
ATR	34
CATHEPSIN D	34
CDK6	34
hepatitis B virus X protein	34
HGF	34
indole-3-carbinol	34
Janus kinase 2	34
KDR	34
PTHLH	34
caveolin 1	33
erlotinib	33
ERVK-10	33
ERVK-18	33
ERVK-21	33
ERVK-24	33
ERVK-25	33
ERVK-7	33
ERVK-8	33
Focal Adhesion Kinase 1	33
human plasma	33
Hypertensive disease	33
Steryl-sulfatase	33
Adiponectin	32
Anthracyclines	32
CA2	32
Cyclin B1	32
cyclophosphamide	32
Cytochrome P450	32
Febrile Neutropenia	32
geldanamycin	32
PTGS2	32
BCL-2 Protein	31
CTSD	31
Cytochromes c	31
EZH2	31
interleukin-8	31
JAK2	31
maspin	31
Neutropenia	31
protein tyrosine kinase brk	31
SERPINB5	31
TAZ	31
YBX1	31
Aminoglutethimide	30
"Antibodies, Anti-Idiotypic"	30
BMI1	30
estrogen receptor alpha	30
Hepatocyte Growth Factor	30
malignant disease	30
MAP3K7	30
STS	30
TP63	30
ubiquitin-protein ligase	30
FOXA1	29
kinase inhibitor	29
Luciferases	29
NF-kappaB inhibitor alpha	29
PTK2B	29
Urokinase Plasminogen Activator Receptor	29
VIM	29
celecoxib	28
FAS	28
FOS	28
PR@	28
PRH2	28
"Receptors, Tumor Necrosis Factor, Member 10b"	28
Sex Hormone-Binding Globulin	28
Thymidylate Synthase	28
Toremifene	28
Antioxidants	27
Cyclins	27
EGR1	27
HSPB1	27
Hypoxia-Inducible Factor 1	27
INS	27
LY 294002	27
XIAP	27
aspirin	26
BLNK	26
CD4	26
CYP1B1	26
Endopeptidases	26
estrone sulfate	26
Fanconi Anemia	26
Gynecomastia	26
NBN	26
Polyamines	26
PRKAA1	26
PRKAA2	26
PRKAB1	26
Proto-Oncogene Proteins c-myc	26
R-5020	26
RUNX2	26
SMAD7	26
apigenin	25
CKAP4	25
DNMT1	25
Epidermal growth factor receptor inhibitor (product)	25
Glucocorticoids	25
INSR	25
Ligands	25
NCOA3	25
Prolactin Receptor	25
Prostate-Specific Antigen	25
R-38486	25
RPE65	25
tibolone	25
TP53BP1	25
Tubulin	25
UVRAG	25
water	25
ZHX2	25
AHSA1	24
AIMP2	24
GRAP2	24
mitogen-activated protein kinase p38	24
NME1	24
POLDIP2	24
Tissue Adhesions	24
1-Phosphatidylinositol 4-Kinase	23
Cancer-Predisposing Gene	23
CDKN1B	23
Cyclic AMP-Dependent Protein Kinases	23
CYP3A4	23
Glycoproteins	23
gonadorelin	23
Granulocyte Colony-Stimulating Factor	23
Insulin Receptor	23
Insulin-Like Growth-Factor-Binding Proteins	23
Lymphedema	23
PRRT2	23
PTTG1	23
RELA	23
SLC5A5	23
src-Family Kinases	23
Thromboplastin	23
WWOX	23
Albumins	22
BRCA1 Protein	22
cetuximab	22
Diabetes	22
Diphosphonates	22
Fibroblast Growth Factor 2	22
Growth Factor Receptors	22
heparanase	22
HEXIM1	22
integrin-linked kinase	22
LEPR	22
"Osteoporosis, Postmenopausal"	22
"Receptors, Steroid"	22
tanespimycin	22
topotecan	22
TRANCE protein	22
Transcription Repressor/Corepressor	22
Vascular Endothelial Growth Factor Receptor-2	22
AKT2	21
Cerebrovascular accident	21
daidzein	21
Glucocorticoid Receptor	21
Histone Deacetylase	21
Homologous Gene	21
RPS6KB1	21
silybin	21
STK11	21
WNT5A	21
B3GNT2	20
B3GNTL1	20
BRIP1	20
Cell Cycle Proteins	20
Chemotherapeutic agent	20
Cortactin	20
cyclin-dependent kinase inhibitor 1B	20
cytochrome P450 3A4	20
ELAVL1	20
estrone sulfatase	20
HIF1A	20
leucovorin	20
PLAUR	20
"Pleural Effusion, Malignant"	20
Polymerase	20
Protein-Lysine 6-Oxidase	20
Proto-Oncogene Proteins c-jun	20
Quinones	20
SHC1	20
Soy Proteins	20
TFAP2C	20
TOP2A	20
CDH1	19
CDK1	19
Coronary heart disease	19
CTTN	19
Cytotoxic agent (product)	19
folate	19
Growth Hormone	19
Heat-Shock Proteins 70	19
Histone H3	19
hydrogen peroxide	19
insulin receptor substrate 1 protein	19
Laminin	19
MMP14	19
mTOR Inhibitors [MoA]	19
PD 98059	19
PRAP1	19
Protein phosphatase	19
Recombinant Interferon-gamma	19
"Ribosomal Protein S6 Kinases, 70-kDa"	19
rosuvastatin	19
sphingosine 1-phosphate	19
Topoisomerase	19
Tumor Necrosis Factor Ligand Superfamily Member 6	19
Actins	18
calcitriol	18
Carcinoembryonic Antigen	18
CD34	18
Chemicals	18
CYP2B6	18
Cytochrome P-450 CYP1A1	18
"Diabetes Mellitus, Non-Insulin-Dependent"	18
Endometrial Hyperplasia	18
FOXP3	18
GSTP1	18
HRAS	18
HSP90B2P	18
MMP	18
PDCD1	18
"PER2 protein, mammalian"	18
PLG	18
PTPN1	18
RASSF1A	18
Vascular Endothelial Growth Factor C	18
WNK1	18
AREG	17
Ataxia Telangiectasia	17
BCL2L11	17
CDC25A	17
diethylstilbestrol	17
Fibroblast Growth Factor Receptors	17
G-Protein-Coupled Receptors	17
Gonadal Steroid Hormones	17
GORASP1	17
Growth stimulant	17
HDAC9	17
IL6	17
Interleukin-2	17
IRS1	17
KEAP1	17
Mitogen Activated Protein Kinase 1	17
Molecular Chaperones	17
N-Cadherins	17
Oxidoreductase	17
p21-Activated Kinase 1	17
pemetrexed	17
PPIG	17
Primary Lesion	17
RASSF1	17
SLC7A11	17
SYT1	17
Tetrahydrofolate Dehydrogenase	17
TGFA	17
vincristine	17
acetylcysteine	16
ADAM17	16
ANIB1	16
Annexin A2	16
BAK1	16
CD24	16
CD29 Antigen	16
CD8B	16
CD8B1	16
CDC2	16
chemokine	16
CXCL8	16
DHFR	16
doxorubicin	16
ELF3	16
ETV4	16
glutathione	16
HGS	16
Interstitial Collagenase	16
ixabepilone	16
Metalloproteases	16
Neuropathy	16
p65	16
PA2G4	16
PML	16
POLD1	16
PTPN11	16
SGK1	16
SNAI1	16
sorafenib	16
steroid receptor coactivator AIB1	16
TNFRSF10B	16
Tumor Immunity	16
VDR	16
3 (or 17)-beta-hydroxysteroid dehydrogenase	15
ABCC1	15
ADRBK1	15
ANXA2	15
AXL	15
berberine	15
Bone Morphogenetic Proteins	15
CCL5	15
cyclosporine	15
Cytostatic Agents	15
Endometriosis	15
Fenretinide	15
glycogen synthase kinase 3 beta	15
GRK2	15
HDAC1	15
IL2-inducible T-cell kinase	15
oncostatin M	15
PAK1	15
Peripheral Neuropathy	15
PKN1	15
Plasminogen Activator Inhibitor 1	15
rac-PK beta	15
Rheumatoid Arthritis	15
SLC22A3	15
SOX2	15
triptolide	15
Tumor Necrosis Factors	15
U 0126	15
verapamil	15
YAP1	15
4-methoxyamphetamine	14
Antidepressive Agents	14
Cardiomyopathies	14
Chronic disease	14
CYP19A1	14
FASLG	14
GAB2	14
"Genes, Reporter"	14
GSTM1	14
Heart failure	14
Histones	14
HPSE	14
hydroxytamoxifen	14
IGFBP2	14
Lactate	14
Lignans	14
LOX	14
Luc Gene	14
Mastitis	14
MDM4	14
MYB	14
NELFCD	14
NRIP1	14
OSM	14
oxaliplatin	14
PHB2	14
Plasminogen	14
PLK1	14
"Polycyclic Hydrocarbons, Aromatic"	14
Proto-Oncogenes	14
serine	14
simvastatin	14
SP3	14
STAT5B	14
steroid hormone receptor	14
SYK	14
Thrombospondin 1	14
Ubiquitin	14
ZK 230211	14
androstenedione	13
APC	13
BANP	13
BCL2-Related Protein 11	13
caspase-7	13
CCNE1	13
COPS5	13
cyclin-dependent kinase 2	13
CYP24A1	13
DMPK	13
Estradiol Receptors	13
FLVCR1	13
Galectin 3	13
GLI2	13
GNRH1	13
GRB2 Adaptor Protein	13
HSD17B1	13
hydrocortisone	13
IGHD1-7	13
KRT19	13
Ligase	13
NPY6R	13
PPM1D	13
Precocious Puberty	13
Protein-Serine-Threonine Kinases	13
Proto-Oncogene Proteins c-fos	13
SNAI2	13
SQSTM1	13
STAT6	13
sulfasalazine	13
Sulfatases	13
Sulfuric Acid Esters	13
Thymidine Phosphorylase	13
Transcription Factor AP-1	13
tripterine	13
Tumor necrosis factor receptor 11b	13
Tumor Promoters	13
UFM1	13
ursolic acid	13
zoledronic acid	13
"9,10-Dimethyl-1,2-benzanthracene"	12
ABCB6	12
acetate	12
Acids	12
Adrenal Cortex Hormones	12
AG-490	12
Alzheimer's Disease	12
Anemia	12
ARSH	12
ATP-Binding Cassette Transporters	12
BRAF	12
BRD4	12
BRF1	12
BRMS1	12
CASP3	12
CBL	12
CD274	12
CDKN1C	12
Chloramphenicol O-Acetyltransferase	12
CISH	12
Difluoromethylornithine	12
DPYD	12
EPHA2	12
Estrogen Effect	12
Fatty Liver	12
FBXW7	12
Fibroblast Growth Factor	12
GADD45A	12
HSPA4	12
human epidermal growth factor	12
IFNA1	12
Insulin-Like Growth Factor Binding Protein 2	12
KHDRBS1	12
MAP1LC3A	12
MCL1	12
Mutant Proteins	12
Myocardial Infarction	12
paxillin	12
polyphenols	12
RB1CC1	12
RNF41	12
SLC9A3R1	12
Tristetraprolin	12
tryptoquivaline	12
TYMP	12
vorinostat	12
3MC	11
ALB	11
Androgen Antagonists	11
Apoptosis Inhibiting Proteins	11
bortezomib	11
c-fos Genes	11
Camptothecin	11
CCND3	11
Chemopreventive Agent	11
CLDN1	11
cyclin D3	11
Cytochrome P-450 CYP2D6	11
Drug Combinations	11
Equol	11
"Estrogens, Catechol"	11
ETS1	11
Eukaryotic Initiation Factor-4E	11
Exanthema	11
FANCD2	11
FGFR2	11
FOXO1	11
Glutathione S-Transferase	11
Gonadotropin-Releasing Hormone Receptor	11
GRB2	11
Guanine Nucleotide Exchange Factors	11
Hexachlorobenzene	11
HOTAIR	11
Infection	11
Intercellular adhesion molecule 1	11
interferon-beta	11
Lactate Dehydrogenase	11
Luteolin	11
Membrane Proteins	11
mifepristone	11
mucins	11
Multiple Sclerosis	11
Neurofibromin 2	11
NLRP2	11
NQO1	11
Palmar-plantar erythrodysesthesia syndrome	11
PCNA	11
PELP1	11
PIK3R2	11
PIP	11
POU2F1	11
POU5F1	11
pregnane X receptor	11
PRMT1	11
PTP4A3	11
RANTES	11
RBM45	11
retinoic acid receptor alpha	11
REXO1	11
thrombin	11
Transcription Coactivator	11
UBE2I	11
urinastatin	11
ZFP42	11
aldehyde dehydrogenases	10
Amenorrhea	10
ANGPT2	10
baicalein	10
BCL6	10
BSG	10
Calcium-Sensing Receptor	10
Cancer Vaccines	10
Casein Kinase II	10
Catechol O-Methyltransferase	10
Catenins	10
CCAAT-Enhancer-Binding Protein-beta	10
CCL27	10
cholecalciferol	10
chrysin	10
CST12P	10
Cyclin-Dependent Kinase Inhibitor Proteins	10
DBT	10
doxorubicin hydrochloride liposome	10
estrophilin	10
FGFR1	10
fibroblast growth factor 7	10
Flavones	10
folic acid	10
GJA1	10
HDAC6	10
heregulin beta1	10
ID1	10
IDO1	10
imatinib mesylate	10
Infertility	10
Insulin-Like Growth Factor Receptor	10
Interferons	10
INTS6	10
irinotecan	10
Janus kinase	10
kaempferol	10
KLF5	10
leptin receptor	10
Liposomes	10
mammaglobin	10
MAP2K1	10
MAPK7	10
matriptase	10
mdm2 protein	10
megestrol acetate	10
MIR21	10
MSH2	10
NAT2	10
NOS2	10
NOS2A	10
NR4A1	10
octreotide	10
ondansetron	10
Ornithine Decarboxylase	10
pamidronate	10
PARK7	10
PDCD5	10
pegfilgrastim	10
PIK3R1	10
plasmin	10
progesterone receptor B	10
proline	10
PSIP1	10
PTK6	10
Recurrent disease	10
Retinoid X Receptors	10
Serpins	10
sesamin	10
SNORA62	10
SNORD12C	10
Specific antibody	10
SUCLA2	10
sulfamate	10
sulfotransferase	10
TBX2	10
tetrahydrodiferuloylmethane	10
Thrombocytopenia	10
TNF-related apoptosis-inducing ligand	10
TP73	10
Tumor Suppressor Proteins	10
ZD1839	10
ACKR3	9
Activins	9
Alkaloids	9
alteplase	9
ARHGAP24	9
Autoantibodies	9
bicalutamide	9
CA9	9
cannabidiol	9
Catechols	9
CCDC6	9
Ceramide glucosyltransferase	9
checkpoint kinase 2	9
CKS1B	9
CKS1BP7	9
Congestive heart failure	9
CSF2	9
CUX1	9
Cyclin B	9
cytochrome P450 3A	9
DDX56	9
Dihydropyrimidine dehydrogenase	9
EEF1A2	9
EMSY	9
Endocrine Disruptors	9
EPO	9
Erythropoietin	9
estrogen deficiency	9
FCGR3A	9
Flavopiridol	9
formestane	9
Fusion protein	9
Gamma synuclein	9
gamma-tocotrienol	9
GLI1	9
Gonadotropins	9
HSPD1	9
human chorionic gonadotropin	9
Hyperprolactinemia	9
IkappaB Kinase epsilon	9
interleukin-12	9
K-ras Oncogene	9
KDM1A	9
KLF8	9
KRAS	9
LAMC2	9
leucine	9
leukemia inhibitory factor	9
Leukopenia	9
LMO4	9
Manganese Superoxide Dismutase	9
MAP2K2	9
Metals	9
MMP9	9
Monocyte Chemoattractant Protein-1	9
mullerian-inhibiting hormone	9
Multidrug Resistance Associated Protein 1	9
MYBL2	9
NAD(P)H Dehydrogenase (Quinone)	9
nuclear receptor coactivator 1	9
Osteopenia	9
Phosphoglycerate dehydrogenase	9
Phospholipase C	9
PPP1R13B	9
Prostaglandin-Endoperoxide Synthase	9
PTEN Phosphohydrolase	9
Purines	9
RAD51C	9
RAF1	9
RBM38	9
Ribonucleases	9
Roscovitine	9
S100A10	9
SMAD2	9
somatropin	9
synthetic peptide	9
Taxotere	9
tetrachlorodibenzodioxin	9
TLR4	9
TNFRSF1A	9
Transforming Growth Factor beta Receptors	9
tumor necrosis factor receptor 1A	9
acetaldehyde	8
AMD 3100	8
APOD	8
apolipoprotein D	8
arginyl-glycyl-aspartic acid	8
atorvastatin	8
aurora kinase	8
Autoimmune Diseases	8
BCL1 Oncogene	8
betulinic acid	8
Binding Proteins	8
BMX	8
Bombesin Receptor	8
Bone Diseases	8
c-myb Genes	8
c-src Genes	8
CCR5	8
CDKN2B	8
Clusterin	8
Collagen Type IV	8
CREB1	8
CXCL10	8
CYP2C19	8
Cysteine Protease	8
deguelin	8
DEK	8
DICER1	8
EIF4E	8
Elacridar	8
ERCC4	8
ERVW-4	8
estrogen receptor beta	8
FADD	8
FANCB	8
FOXC1	8
FYN	8
genistein	8
Genome	8
goserelin	8
Graft-vs-Host Disease	8
GSTT1	8
Heart Diseases	8
Heat Shock Protein 27	8
Heat shock proteins	8
HMGA2	8
HOE 33342	8
human leukocyte interferon	8
HUWE1	8
IGF2R	8
Insulin-Like Growth Factor Binding Protein 5	8
interleukin-1 alpha	8
interleukin-4	8
Iodides	8
JNK Mitogen-Activated Protein Kinases	8
KDM5B	8
KITLG	8
KLK3	8
LATS1	8
LIN28A	8
lonidamine	8
MAPT	8
Matrix Metalloproteinase 13	8
MCTS1	8
MLH1	8
Mutagens	8
nitrofurantoin	8
Nordihydroguaiaretic Acid	8
NTRK1	8
nuclear receptor interacting protein 1	8
P-Glycoproteins	8
Parkinson Disease	8
Peptide Hydrolases	8
PHGDH	8
Phospholipase D	8
Plasminogen Activator	8
Platelet-Derived Growth Factor	8
pols	8
POU2F2	8
Proteasome inhibitor	8
PTH	8
RAD 001	8
"Receptors, Cell Surface"	8
Recombinant Antibody	8
RHO	8
rho GTP-Binding Proteins	8
RHOD	8
RIPK1	8
ROS1 wt Allele	8
SHBG	8
SMAD1	8
SN 38	8
SOX4	8
sphingosine kinase-1	8
Spontaneous abortion	8
TACSTD2	8
tanshinone II A	8
tariquidar	8
TBX3	8
TCF7L2	8
TFAP2A	8
TGM2	8
TIPARP	8
TNFRSF10A	8
TNFSF11	8
transglutaminase 2	8
Triazoles	8
TXN	8
USF1	8
YY1	8
"2,2'-azino-di-(3-ethylbenzothiazoline)-6-sulfonic acid"	7
"2,3-bis(3'-hydroxybenzyl)butyrolactone"	7
3-hydroxytamoxifen	7
5'-AMP-activated protein kinase	7
ABCC2	7
aldosterone	7
alpha-naphthoflavone	7
aminolevulinic acid	7
Anti-Anxiety Agents	7
Antipsychotic Agents	7
ANXA10	7
AP2A1	7
arginine	7
ARHGAP1	7
ARHGEF7	7
Arimidex	7
BACH1	7
BAG1	7
beta-lapachone	7
BHLHE22	7
BID	7
Biguanides	7
BRINP1	7
bufalin	7
Carrier Proteins	7
CBFA2T2	7
CCAR2	7
CCL2	7
CCNA2	7
CDC2 Protein Kinase	7
CDC42	7
CFL1	7
Chalcones	7
CHGA	7
CIP2A	7
cofilin	7
connective tissue growth factor	7
Cotinine	7
CTGF	7
DCTN4	7
dihydroxy-vitamin D3	7
Dioxins	7
disulfiram	7
EEF1B2P2	7
EIF3A	7
ergocalciferol	7
FGF2	7
FHL2	7
filgrastim	7
Gonadotropin-Releasing Hormone Analog	7
Gossypol	7
GRB7	7
GTF2H1	7
HDAC2	7
Heme Oxygenase-1	7
herstatin	7
HMGA1	7
Hydroxymethyltransferases	7
ICI 164384	7
ID4	7
Inflammation Mediators	7
Insulin-Like Growth-Factor Binding Protein 1	7
Interleukin-1	7
KLF4	7
Kynurenine	7
LAMTOR5	7
Lipoproteins	7
lovastatin	7
lysine	7
Malignant pericardial effusion	7
MARCKSL1	7
Matrix Metalloproteinase 7	7
MED1	7
MED28	7
Micelles	7
Mitogen-Activated Protein Kinase 3	7
MST1L	7
MTA1	7
NAD(P)H dehydrogenase (quinone) 1	7
NAMPT	7
Naphthoquinones	7
NET1	7
Neuregulins	7
NEUROD1	7
NF-E2-Related Factor 2	7
nitric oxide	7
norethindrone	7
Nuclear Proteins	7
NUP62	7
O-GlcNAc transferase	7
Paraneoplastic Cerebellar Degeneration	7
phenylacetate	7
pheophorbide a	7
Phorbol Esters	7
Photosensitizing Agents	7
Pneumonia	7
polo-like kinase 1	7
PPAR alpha	7
PPBP	7
PPP1R12C	7
prednisone	7
"Progestational Hormones, Synthetic"	7
Protein complex	7
Protoporphyrin IX	7
RARA	7
RBBP8	7
RET	7
ROCK1	7
S100A7	7
salmon calcitonin	7
SATB1	7
Scleroderma	7
SDC1	7
SIL1	7
SOCS3	7
SP600125	7
ST13	7
STAT1	7
Stem Cell Factor	7
Systemic poison	7
Taxoids	7
TGFBR1	7
Thioredoxins	7
Thrombus	7
TIMP2	7
Tissue factor pathway inhibitor	7
TNFRSF6	7
Topoisomerase II	7
tranilast	7
troglitazone	7
TUBB4B	7
valine	7
Vascular Endothelial Growth Factor Receptor-1	7
vitamin A	7
WISP2	7
WLS	7
ZFP36L1	7
"2-amino-1-methyl-6-phenylimidazo(4,5-b)pyridine"	6
26S proteasome	6
4-trifluoromethylsalicylic acid	6
ado-trastuzumab emtansine	6
AKR1C3	6
Alar	6
"albumin human, USP"	6
ALK	6
alpha-Fetoproteins	6
alpha-Tubulin	6
ANO1	6
arsenic trioxide	6
ATRAID	6
Atrophy of vagina	6
AURKA	6
baicalin	6
BCL9	6
BEX2	6
Bombesin	6
Bone lesion	6
BRCA2 Protein	6
BTG1	6
C-reactive protein	6
calcitonin	6
carboxypeptidase D	6
Cathepsin L	6
CCR6	6
CD47	6
CDKN2C	6
CEACAM5	6
Chelating Agents	6
chlorambucil	6
Chlorpyrifos	6
CLU	6
Conjugated Equine Estrogens	6
coumarin	6
CREBBP	6
Crohn Disease	6
Crystallins	6
CTCF	6
cullin 4A	6
CXCL1	6
Cyclin-Dependent Kinase Inhibitor p16	6
Cytokeratin 8	6
danazol	6
daunorubicin	6
DDIT3	6
Dec-01	6
Dermatitis	6
Dermatomyositis	6
Diabetes Mellitus	6
Disorder of macula of retina	6
dronabinol	6
EEF1E1	6
ELK3	6
EM 652	6
ERCC1	6
Esters	6
Estradiol 17 beta-Dehydrogenase	6
"Estrogens, Synthetic"	6
Fibroblast Growth Factor Receptor 2	6
Galactorrhea associated with childbirth	6
gamma-Glutamylcyclotransferase	6
GDF15	6
Gelatinases	6
glyburide	6
Glycol	6
Granulocyte-Macrophage Colony-Stimulating Factor	6
GREB1	6
Growth Factor Receptor-Bound Protein 7	6
H3F3AP3	6
HDAC3	6
Heart Disease Risk Factors	6
HMGB1	6
HOXA1	6
HOXA10	6
Humoral hypercalcemia of malignancy (disorder)	6
Hydroxymethylglutaryl-CoA Reductase Inhibitors	6
Hyperglycemia	6
Hyperinsulinism	6
IL1B	6
IL1R1	6
IL2	6
Immunologic Adjuvants	6
INPPL1	6
Integrin alpha2	6
KIF23	6
KL	6
KLHL1	6
L1CAM	6
LAMTOR1	6
levamisole	6
MAFK	6
MATK	6
MDC1	6
MELK	6
Metabolic syndrome	6
Metallothionein	6
methylprednisolone	6
MG 132	6
MGMT	6
MUC16	6
nandrolone	6
NANOG	6
NELFB	6
NELL2	6
NF2	6
NGFR	6
NHE1	6
nicotine	6
Nijmegen Breakage Syndrome	6
NT5E	6
Nuclear Respiratory Factor 1	6
nutlin 3	6
ODAM	6
Okadaic Acid	6
Oxides	6
oxytocin	6
PAG1	6
"Pancreatitis, Chronic"	6
Pancytopenia	6
parthenolide	6
PCBP1	6
Peutz-Jeghers Syndrome	6
PITPNM3	6
Platelet-Derived Growth Factor Receptor	6
PPARG	6
Primary idiopathic dilated cardiomyopathy	6
procathepsin D	6
profilin 1	6
protein-S-isoprenylcysteine O-methyltransferase	6
PXN	6
R-1881	6
RACK1	6
RBCK1	6
RBX1	6
RNF168	6
RNF8	6
RPSA	6
RUNX1	6
S100P	6
Saquinavir	6
SDZ PSC 833	6
"serum albumin, bovine"	6
Signaling Protein	6
SIX1	6
SLC9A1	6
SLN	6
SREBF1	6
SYCE1L	6
TBX1	6
TFF3	6
Therapeutic agent (substance)	6
thiostrepton	6
thymoquinone	6
Thyroid Hormone Receptor Beta	6
TIMP3	6
TPPP2	6
Transcription Factor RelA	6
Transcriptional Coactivator with PDZ-Binding Motif	6
Transferrin	6
transforming growth factor beta3	6
UIMC1	6
UPP1	6
Vascular Endothelial Growth Factors	6
vasodilator-stimulated phosphoprotein	6
WDR48	6
WEE1	6
WISP3	6
wogonin	6
XIST	6
XRCC1	6
ZEB2	6
ZNF197	6
activating transcription factor 3	5
Adenosine Triphosphatases	5
ADRA1D	5
Agranulocytosis	5
alpha 1-Antichymotrypsin	5
Angiotensin-Converting Enzyme Inhibitors	5
Anti-Inflammatory Agents	5
"Anti-Inflammatory Agents, Non-Steroidal"	5
"Antibodies, Neutralizing"	5
Antidiabetics	5
Antiemetics	5
Antiepileptic Agents	5
Antimetabolites	5
ARHGAP35	5
arsenite	5
ARTN	5
auranofin	5
AURKB	5
BAG3	5
beta-Tubulin	5
biochanin A	5
BMX Non-Receptor Tyrosine Kinase	5
BONE MASS	5
C-Terminal Binding Protein 1	5
camptothecin-11	5
cardiac event	5
carprofen	5
cathepsin S	5
CCL18	5
CD69	5
CDK16	5
ceramide kinase	5
CGA	5
CGB5	5
CHEK1	5
CHFR	5
Chronic pain	5
CHST3	5
Compete	5
Complement System Proteins	5
Connexin 43	5
CSF1R	5
CTSB	5
CTSL	5
CUL4A	5
Cushing Syndrome	5
Cyclic AMP Response Element	5
Cyclic AMP-Responsive DNA-Binding Protein	5
cyclin A2	5
Cyclooxygenase 2 Inhibitors	5
Cyclooxygenase Inhibitors	5
CYLD	5
CYP17A1	5
CYP24	5
CYR61	5
DARPP	5
DDIAS	5
DDT	5
dimethyl fumarate	5
dimethyl sulfoxide	5
DIRAS3	5
DLEC1	5
DLL1	5
DNA Modification Methylases	5
ENAH	5
Endocrine System Diseases	5
Endostatins	5
EPHA3	5
Epilepsy	5
Estrogen Receptor 1	5
ethinyl estradiol	5
ETS2	5
ETV1	5
ezrin	5
Farnesyl Transferase Inhibitor	5
"Fibrosis, Liver"	5
Flap Endonuclease-1	5
Fluoropyrimidine	5
fluvastatin	5
FOXD1	5
GA-Binding Protein Transcription Factor	5
GDNF	5
"Genes, bcl-1"	5
ginsenoside Rg5	5
GKLF protein	5
glutamate	5
glutamine	5
GPR182	5
Growth Differentiation Factor 15	5
H2AFX	5
H2AX	5
hesperetin	5
Hexokinase 2	5
HLA Antigens	5
HNF4A	5
HORMONE REPLACEMENT	5
HOXB7	5
HRG	5
HSD11B2	5
HTC2	5
hydroxyurea	5
Hypoxia Inducible Factor Family	5
ibandronate	5
ID2	5
IGF1R	5
IKBKE	5
indole	5
insulin glargine	5
integrin-binding sialoprotein	5
Interferon-alpha	5
interleukin-10	5
IRF6	5
IRS2	5
isoliquiritigenin	5
ITGA6	5
JUNB	5
junctional adhesion molecule	5
JUND	5
KCNA2	5
KCNH8	5
KDM6A	5
Lasofoxifene	5
levonorgestrel	5
Luteinizing Hormone-releasing Hormone Agonist	5
Macrophage Colony-Stimulating Factor	5
MALAT1	5
MAP1LC3B	5
MAP3K5	5
MAPKAPK2	5
matrigel	5
MCAM	5
Measurable Disease	5
melphalan	5
methylate	5
metoclopramide	5
MIR141	5
MIR143	5
MIR34A	5
mismatch repair protein 1	5
Mixed Function Oxygenases	5
MMP1	5
MMP12	5
MST1R	5
MT2A	5
MUC1	5
myricetin	5
naringenin	5
NCOR2	5
NEK8	5
nervous system disorder	5
Neuregulin 1	5
Nicotinamide Phosphoribosyltransferase	5
nimotuzumab	5
norcantharidin	5
NR1I2	5
Nuclear Hormone Receptors	5
Nuclease Sensitive Element Binding Protein 1	5
nucleolin	5
oblimersen	5
onapristone	5
ORAI1	5
Oral Mucositis	5
Osteonecrosis of jaw	5
OTUD3	5
paired basic amino acid cleaving enzyme	5
palbociclib	5
Pancreatitis	5
paroxetine	5
Pathological fracture	5
PCTK1	5
PIM1	5
piperine	5
Plasminogen Activator Inhibitor 2	5
"Pneumonia, Interstitial"	5
Poly(ADP-ribose) Polymerase Inhibitors	5
Polyclonal antibody	5
Polymyositis	5
Potassium Channel	5
PPM1H	5
PPP2R4	5
prazosin	5
primary disorders	5
PRKCA	5
PRKD1	5
"prolactin, Asp(179)-"	5
propofol	5
Proteins	5
Psoriasis	5
PTPA	5
Pulmonary Fibrosis	5
PYCARD	5
RAD50	5
Recombinant Proteins	5
rhein	5
rho GTPase-activating protein	5
Rhodamine 123	5
RNU1-4	5
RPS6KA3	5
S-adenosylmethionine	5
sanguinarine	5
Schiff Bases	5
Selective Estrogen Receptor Down Regulator	5
SEM1	5
Sensory neuropathy	5
Serine Endopeptidases	5
Serotonin Uptake Inhibitors	5
SHFM1	5
shikonin	5
SIRT3	5
skin toxicity	5
SLC14A2	5
SLCO1B1	5
SMYD3	5
SNCG	5
SNHG7	5
Somatostatin Receptor	5
SPARC	5
SPDEF	5
SST	5
Stathmin	5
Stilbenes	5
superoxide dismutase	5
Sweet Syndrome	5
thioredoxin reductase	5
thiotepa	5
Thyroid Hormones	5
Tissue Inhibitor of Metalloproteinase-2	5
Tissue-Inhibitor of Metalloproteinase-1	5
TMEFF2	5
TNF Receptor-Associated Death Domain Protein	5
TRADD	5
TRAF4	5
transforming growth factor beta 2	5
Transglutaminases	5
tributyltin chloride	5
triphenyltin chloride	5
TUBB3	5
UCN 01	5
UTS2R	5
Vascular Endothelial Growth Factor Receptor	5
VIPR1	5
WDTC1	5
WNT1	5
XRCC6	5
ZD 6474	5
ZFHX3	5
"1,2-di-(4-sulfamidophenyl)-4-butylpyrazolidine-3,5-dione"	4
5-ethynyluracil	4
5'-NUCLEOTIDASE	4
5F-203	4
AAGAB	4
ABL1	4
Adenylate Cyclase	4
AES	4
alanine	4
Aldehydes	4
alitretinoin	4
Alkylating Agents	4
AMERICAN GINSENG	4
ANG	4
angiogenin	4
angiotensin II	4
Angiotensin Receptor	4
Anti-Progestin	4
"Antirheumatic Drugs, Disease-Modifying"	4
ANXA4	4
APEX1	4
APOA1	4
ARID1A	4
ARNT	4
artemisinine	4
ATP2C2	4
azacitidine	4
BCL2L12	4
Benzimidazoles	4
beta-hexachlorocyclohexane	4
betulin	4
BIK	4
biotin	4
BIRC2	4
BNIP2	4
bone morphogenetic protein 2	4
bone morphogenetic protein 7	4
BRCA3	4
Breast Fibrocystic Disease	4
BRI3BP	4
c-abl Proto-Oncogenes	4
caffeine	4
Calcium Channel Blockers	4
Cancer Promoting Genes	4
CARD6	4
Cardiac Tamponade	4
CASP9	4
Caspase-1	4
Catalytic RNA	4
CCAAT/Enhancer Binding Protein Alpha	4
CCL20	4
CCNH	4
CCNT1	4
CD80	4
CD82	4
CD9	4
CDK9	4
CENPK	4
Central Serous Chorioretinopathy	4
CERS6-AS1	4
CGS-16949A	4
Chemokine (C-C Motif) Receptor 5	4
Chemokine (C-X-C Motif) Ligand 1	4
Chemokine (C-X-C Motif) Receptor 3	4
Chemokine CXCL10	4
chimeric antibody	4
Choline Kinase	4
CHPT1	4
Chromones	4
CIAPIN1	4
CIB1	4
Cigarette smoke (substance)	4
CLEC4D	4
Clodronate	4
clofibrate	4
clomiphene citrate	4
CMA1	4
cohesins	4
colchicine	4
Combined Oral Contraceptives	4
conserved helix-loop-helix ubiquitous kinase	4
Contraceptive Agents	4
COX2	4
cremophor	4
crocin	4
CSK	4
CTNNB1	4
CXCL9	4
CXCR3	4
cyclin T1	4
Cyclin-Dependent Kinase 5	4
cyclooxygenase 1	4
CYP3A5	4
cystamine	4
cysteine	4
cytotoxic T-lymphocyte antigen 4	4
DACH1	4
DBC1	4
DDR1	4
DDX3X	4
DEPDC1B	4
DIO3	4
diosmetin	4
diphtheria toxin receptor	4
DLX4	4
DNAH8	4
doxifluridine	4
DUSP4	4
EEF2K	4
efavirenz	4
EHMT2	4
ELF5	4
ellipticine	4
embelin	4
EPHX1	4
Epidermal Growth Factor Receptor Pathway Substrate 8	4
EPS8	4
ERBB3 Receptor Protein-Tyrosine Kinase	4
ERR1 protein	4
ESRRA	4
estriol	4
Estrogen Receptor Modulators	4
Estrone sulfotransferase	4
etoposide	4
Excessive tearing	4
F2R	4
FAM129B	4
FASN	4
fexofenadine	4
FGF8	4
FGF9	4
FH	4
FHIT	4
fibulin 1	4
FLI1	4
fluorexon stain	4
FNBP1	4
folate-binding protein	4
FST	4
FSTL3	4
FTY-720	4
FXYD3	4
G22P1	4
gambogic acid	4
gamma-Secretase	4
garcinol	4
Gimatecan	4
glabridin	4
glucomannan	4
grape seed extract	4
GTF2H3	4
HAS2	4
HCLS1	4
HCP5	4
Hemoglobin	4
Hepatitis B reactivation	4
HIST2H2AA3	4
HIST2H2AC	4
histone deacetylase 3	4
histone methyltransferase	4
HLF	4
HNRNPD	4
Holoenzymes	4
HSD17B2	4
HSF1	4
HSPA5	4
HSPA8	4
HSPG2	4
"Hydrocarbons, Chlorinated"	4
"Hyperparathyroidism, Primary"	4
IFNG	4
IGBP1	4
Immune System Diseases	4
infliximab	4
ING1	4
INHIBIN	4
INPP4B	4
Integral Membrane Proteins	4
Integrin alphaV	4
Integrin beta3	4
Interferon Regulatory Factor 1	4
Interleukin-17	4
Iressa	4
JUN kinase	4
KAT2B	4
KDM4B	4
KISS1	4
KLF10	4
KLRK1	4
lactoperoxidase	4
LAMR1	4
LATS2	4
LETMD1	4
LGALS8	4
lithium chloride	4
LRRC59	4
LTB	4
"Lung Diseases, Interstitial"	4
LY 117018	4
LY6K	4
Lymphokines	4
MAGI1	4
MAGI2-AS3	4
MCAT	4
Menopausal syndrome	4
MERTK	4
methionine	4
Methyl Methanesulfonate	4
methylselenic acid	4
MIR155	4
MIR20B	4
Mitogens	4
MMP13	4
MS 27-275	4
MSH3	4
MTTP	4
MUC4	4
Multidrug Resistance Modulator	4
Multienzyme Complexes	4
MYBBP1A	4
Myosin Light Chain Kinase	4
NAT10	4
NCL	4
NDC80	4
NEAT1	4
NEDD9	4
nelfinavir	4
Nerve Growth Factors	4
Neuropilin-1	4
NFATC4	4
NGF	4
NKILA	4
NLRP3	4
NMI	4
NMT1	4
NR0B1	4
NRG2	4
NUMB	4
nutlin-3A	4
OSU 03012	4
P-23	4
P2RX7	4
pantoprazole	4
PAX2	4
PBK	4
PCLAF	4
PD 153035	4
PDCD4	4
PEBP1	4
pemetrexed disodium	4
Pericardial effusion	4
PES1	4
Pesticides	4
phenylpyruvate tautomerase	4
phloroglucinol	4
PHLPP2	4
Phosphoproteins	4
Phosphorylated Peptide	4
Phosphotyrosine	4
phthalates	4
PI3	4
pitavastatin	4
Placental Growth Factor	4
plitidepsin	4
plumbagin	4
PMAIP1	4
Polycomb	4
polyglutamine	4
Polypeptides	4
pomolic acid	4
PPP1R13L	4
Premature Menopause	4
Preservative free ingredient	4
Procollagen type I carboxy terminal peptide	4
"progesterone, micronized"	4
Proline Dehydrogenase	4
prostatic binding protein	4
Protein Kinase C Alpha	4
protein kinase D	4
Protein Tyrosine Kinase	4
protocatechualdehyde	4
Pseudogenes	4
PSMB6	4
PTGER2	4
PTPN22	4
PTPN6	4
PTPRU	4
Pulmonary Embolism	4
"Purpura, Thrombotic Thrombocytopenic"	4
Pyrimidine	4
pyrophosphatase	4
RAB23	4
Rad51 Recombinase	4
RASA1	4
RASAL2	4
RBL2	4
RBMS2	4
RCHY1	4
"Receptor, IGF Type 2"	4
Recombinant human granulocyte colony stimulating factor	4
Recombinant Interleukin-8	4
Recombinant Transforming Growth Factor-Beta 1	4
Replication Factor A	4
Retinoblastoma Genes	4
rho-Associated Kinases	4
RHOH	4
RHPN1-AS1	4
riluzole	4
ritonavir	4
RNA Polymerase II	4
RND3	4
RNF126	4
RORA	4
rottlerin	4
RPL17	4
RPS6KA1	4
RPS6KA2	4
SB 203580	4
SEC23IP	4
SERPINA4	4
SERPINB2	4
SERPINE1	4
Sexual Dysfunction	4
SIGLEC7	4
sigma-1 receptor	4
sildenafil	4
silymarin	4
SIRT6	4
SLC16A1	4
SLC25A4	4
SLC45A2	4
SMARCC1	4
SNCA	4
SOAT1	4
sodium-iodide symporter	4
SOS1	4
SPAG11B	4
SPATA2	4
Stat3 protein	4
STIM1	4
suramin	4
Symporters	4
tanshinone	4
tau Proteins	4
temozolomide	4
Testolactone	4
tetrandrine	4
TF	4
TGFBRAP1	4
threonine	4
TIMP1	4
Tissue Inhibitor of Metalloproteinases	4
Tissue Polypeptide Antigen	4
TNF receptor-associated factor 2	4
TNFRSF1B	4
TPT1	4
Trans-Activators	4
Transgenes	4
TRAP1	4
triciribine	4
triclosan	4
TRIM29	4
Trimetrexate	4
Triptorelin	4
Triterpenes	4
TUBB	4
Tumor Necrosis Factor-alpha	4
TWF1	4
UBD	4
UBE4B	4
UHRF1	4
USF2	4
VHL	4
vorozole	4
warfarin	4
WNT7B	4
WTIP	4
WWP1	4
X-Pro dipeptidase	4
XPC	4
XPO1	4
ZC3H12D	4
130-nm albumin-bound paclitaxel	3
3-Hydroxysteroid Dehydrogenases	3
"4-(5-benzo(1,3)dioxol-5-yl-4-pyridin-2-yl-1H-imidazol-2-yl)benzamide"	3
5-methoxypsoralen	3
"7,3'-dihydroxy-4'-methoxyisoflavone"	3
ABCC4	3
Actin-Binding Protein	3
Active ingredient	3
ADENYLOSUCCINATE LYASE	3
ADM	3
Adrenergic beta-Antagonists	3
AGR2	3
AHRR	3
AIFM1	3
alanosine	3
aldehyde dehydrogenase 1	3
ALDH3A1	3
ALG1	3
Alkanesulfonates	3
alpha 1-antitrypsin	3
amentoflavone	3
Amides	3
anaplastic lymphoma kinase	3
"Anemia, Hemolytic"	3
Anthocyanins	3
anti-IgG	3
"Antibodies, Bispecific"	3
Antibody-Drug Conjugates	3
"Antigens, CD147"	3
Antithrombins	3
apatinib	3
APBA3	3
Aplastic Anemia	3
APOB	3
APOE	3
Apolipoproteins B	3
APP	3
ARF1	3
ARF6	3
ARFGEF3	3
ARHGEF2	3
ARL4C	3
artemin	3
ascorbate	3
Ataxia Telangiectasia Mutated Proteins	3
ATF2	3
Atherosclerosis	3
Atrophic endometrium	3
aurapten	3
Aurora Kinase B	3
Autocrine Motility Factor	3
B-pyridine	3
BAIAP1	3
BBC3	3
BCAR3	3
BCL2-Interacting Killer	3
BECN1	3
benzyloxycarbonylvalyl-alanyl-aspartyl fluoromethyl ketone	3
BEST1	3
BET Inhibitor	3
Beta-glucuronidase	3
bexarotene	3
BHLHE41	3
BLUE DYE	3
BRD8	3
"Breast Fibrocystic Change, Proliferative Type"	3
BTG2	3
BUB1B	3
c-erbB-1 Proto-Oncogenes	3
C3	3
cadherin 5	3
Calcibiotic Root Canal Sealer	3
Calpain	3
Candidate Disease Gene	3
cantharidin	3
carmustine	3
Carubicin	3
carvedilol	3
CASP4	3
catechin	3
Cathepsins B	3
CBR1	3
CCDC88A	3
CCNG2	3
CD151	3
CD27	3
CD40	3
CD40LG	3
CD74	3
CD80 Antigens	3
CDC20	3
CDCP1	3
CDK12	3
CECR	3
Cell Adhesion Molecules	3
Cell Surface Proteins	3
chest syndrome	3
Chloramphenicol Acetyl Transferase Gene	3
chloroquine	3
Cholestasis	3
Chromogranin A	3
CHUK	3
ciglitazone	3
citrate carrier	3
claudin 1 protein	3
CLEC10A	3
CLIC4	3
CNS disorder	3
collagenase	3
collapsin response mediator protein-2	3
colloidal silver	3
COMT	3
corticotropin	3
Coumarins	3
CPE	3
CPT1C	3
CSE1L	3
CTNND1	3
CTSS	3
CXCR4 Receptors	3
Cyclic AMP Response Element-Binding Protein A	3
cyclin G2	3
CYP2C9	3
Cystic Breast Disease	3
Cytokeratin	3
DBCCR1 Protein	3
DCN	3
DDIT4	3
Deacetylase	3
decorin	3
demethoxycurcumin	3
Deoxycytidine Kinase	3
DEPDC7	3
Dermatologic disorders	3
diclofenac	3
Dieldrin	3
diphenyl (fungicide)	3
DNA Helicases	3
DNA Methyltransferase 3B	3
DNA Repair Gene	3
DNA topoisomerase II alpha	3
DNAJB6	3
DOK1	3
Dominant Negative Receptor	3
doxazosin	3
dydrogesterone	3
E-Selectin	3
EB 1089	3
ECM1	3
Ectopic Pregnancy	3
eflornithine	3
Eicosanoids	3
EIF2S1	3
EIF4G2	3
ELK1	3
Enzyme Precursors	3
Epoxy Compounds	3
eribulin	3
ESRRG	3
Esterases	3
"estrogen binding site, type II"	3
etanercept	3
Evista	3
Exotoxins	3
Extracellular Matrix Proteins	3
F-Actin	3
FA2H	3
Fadrozole	3
farnesyltranstransferase	3
Faslodex	3
FBXO31	3
fibrinogen	3
fibroblast growth factor-1	3
FKBP4	3
flotillins	3
fluasterone	3
Folic Acid Antagonists	3
Follistatin	3
formalin	3
FOSB	3
FOXP1	3
FOXQ1	3
frequenin calcium sensor proteins	3
FURIN	3
G-1	3
Gadolinium DTPA	3
galbanic acid	3
gallic acid	3
GALNT6	3
gamma-Glutamyl Hydrolase	3
Gamma-glutamyl transferase	3
Gastrin releasing peptide	3
GCNT2	3
gestodene	3
GF 120918	3
Glucosephosphate Dehydrogenase	3
Glucuronosyltransferase	3
Glutamates	3
glutamic acid	3
GLUTATHIONE PEROXIDASE	3
Glycogen Synthase Kinase 3	3
GPR1	3
granisetron	3
granzyme B	3
GREM1	3
GTP-Binding Proteins	3
GTPase-Activating Proteins	3
Guanosine Triphosphate Phosphohydrolases	3
GZMB	3
H19	3
Harmine	3
HCC	3
HDAC5	3
Heparan Sulfate Proteoglycans	3
HFM1	3
High Density Lipoproteins	3
HILS1	3
HIPK2	3
HK2	3
HLA-C	3
HOXA5	3
HOXB13	3
HSP90 Inhibitor	3
HSP90AA2P	3
HSP90B1	3
HTATIP2	3
Hydrazones	3
Hydroxamic Acids	3
ICMT	3
IGF1	3
IGFBP7	3
IGSF1	3
IL1A	3
ILKAP	3
imidazole mustard	3
Immune Sera	3
Immunoglobulin Isotypes	3
IMPACT	3
indomethacin	3
Inflammasomes	3
Integrin alpha Chains	3
Integrin beta4	3
Interleukin Gene	3
interleukin-7	3
IQGAP1	3
isoflavonoids	3
ivalin	3
ivermectin	3
Janus kinase 1	3
KAT5	3
KDM2A	3
KDM5A	3
KDM6B	3
ketoconazole	3
KIF11	3
KIT	3
lactoferrin	3
Large T-Antigen	3
LBR	3
LCN2	3
Lectin	3
lenalidomide	3
LFM A13	3
Limbic Encephalitis	3
LIN28B	3
LINC-ROR	3
LINC00160	3
Little's Disease	3
LMTK3	3
LOXL2	3
LRBA	3
LRIG1	3
"Lupus Erythematosus, Subacute Cutaneous"	3
LZTS2	3
MACROD1	3
Macrophage Colony-Stimulating Factor Receptor	3
macrophage stimulating protein	3
"Macular Edema, Cystoid"	3
major vault protein	3
mammary growth inhibitor	3
MAP Kinase Kinase Kinase	3
MAP2K4	3
MAP4K4	3
MAPK12	3
Matrix Metalloproteinase 3	3
Matrix Metalloproteinase Inhibitors	3
Membrane Glycoproteins	3
mesothelin	3
metaperiodate	3
Methyltransferase	3
microsomal enzymes	3
MIR10B	3
MIR133B	3
MIR200A	3
MIR200C	3
MIR655	3
Mitogen-Activated Protein Kinase Kinases	3
MME	3
moesin	3
monodansylcadaverine	3
Monomeric GTP-Binding Proteins	3
MORC2	3
MRC1	3
MSLN	3
MT1E	3
MT1JP	3
multidrug resistance-associated protein 2	3
Myelosuppression	3
MYH14	3
NADPH-Ferrihemoprotein Reductase	3
Nafoxidine	3
NAT1	3
niacinamide	3
ningalin B	3
Nitric Oxide Synthase	3
NOC2L	3
nomegestrol acetate	3
Non-alcoholic Fatty Liver Disease	3
Non-Steroidal Aromatase Inhibitor	3
NOP2	3
NR2C1	3
NR5A2	3
NSC 674495	3
NSD2	3
NSUN5	3
nuclear receptor co-repressor	3
nuclease	3
olaparib	3
olive leaf extract	3
omeprazole	3
Onycholysis	3
OPN1LW	3
Org 2058	3
osteoblast cadherin	3
Ovarian Cysts	3
Ovarian failure	3
P-Cadherin	3
P2RX5	3
p300/CBP-Associated Factor	3
PAG	3
PAK4	3
palonosetron	3
Pancreatic duct dysplasia	3
PARP2	3
PCBP4	3
PDIA3P1	3
Pelvic Inflammatory Disease	3
PER2	3
peroxidase	3
Pertussis Toxin	3
PGF	3
phenformin	3
Phenols	3
PHLDA1	3
Phlebitis	3
phosphoinositide-dependent kinase 1	3
Phosphopeptides	3
Phytohemagglutinins	3
pifithrin-alpha	3
pigment epithelium-derived factor	3
PIM2	3
pirarubicin	3
pirfenidone	3
Pituitary Adenylate Cyclase-Activating Polypeptide Receptors	3
Pituitary Gonadotropins	3
Plague	3
"Platinum salt, NOS"	3
PLK3	3
PMEPA1	3
Poly(ADP-ribose) Polymerases	3
Polychlorinated Biphenyls	3
Polysaccharides	3
polysorbate 20	3
POMC	3
Porphyria Cutanea Tarda	3
PPAR delta	3
PPARA	3
PRDM14	3
PRDX1	3
Pre-Eclampsia	3
"pregna-4,17-diene-3,16-dione"	3
pro-matrix metalloproteinase 9	3
Pro-Opiomelanocortin	3
prohibitin	3
propyl pyrazole triol	3
Protein Isoforms	3
Protein Synthesis Inhibitors	3
Proteoglycan	3
Proton Pump Inhibitors	3
PSME3	3
PTGER1	3
PTPN9	3
Pulmonary Hypertension	3
RADIL	3
Raloxifene Hydrochloride	3
RAPGEF1	3
RARB	3
Rare Diseases	3
RBM5	3
RDX	3
"Receptor, Melatonin, MT1"	3
"Receptors, Cytokine"	3
reduced folate carrier	3
retinoic acid receptor beta	3
Rho GDIalpha	3
RHOB	3
RHOC	3
riboflavin	3
RNA-Binding Proteins	3
RNF11	3
RNF144A	3
rosmarinic acid	3
RUNX3	3
SCN5A	3
serglycin	3
Serine/Threonine Protein Kinase 11	3
SESTAMIBI	3
Severe Combined Immunodeficiency	3
SGK3	3
SIAH1	3
SIRT2	3
SIRT7	3
sirtinol	3
SKIL	3
SLC38A3	3
SLC38A6	3
SLC6A2	3
Sleep disturbances	3
SLK	3
SMS	3
SMURF1	3
SNHG16	3
SOD2	3
Somatostatin analog	3
soy protein isolate	3
SPHK1	3
SPIN1	3
Spinal Cord Diseases	3
spironolactone	3
SRC-associated p68 protein	3
STAP2	3
STAT2	3
Staurosporine	3
"Steatohepatitis, non-alcoholic"	3
Stomatitis	3
SU 6656	3
sulindac	3
Synaptophysin	3
SYNPO2	3
SYP	3
Tace	3
tacrolimus binding protein 4	3
TAF8	3
Tamoxifen Citrate	3
tangeretin	3
tannic acid	3
TAPI-2	3
TARBP2	3
TAS1R2	3
TBPL1	3
TCF Transcription Factors	3
TCN2	3
tectoridin	3
testololactone	3
TFRC	3
thalidomide	3
thioctic acid	3
Thrombophlebitis	3
Thyrotoxicosis	3
TINF2	3
Tirapazamine	3
TMPRSS2	3
TNF receptor-associated factor 4	3
TNFRSF14	3
TNFRSF5	3
Tobacco smoke	3
TOPBP1	3
TP53TG1	3
Transcription Factor AP-2 Alpha	3
Transferase	3
TRIM25	3
TRIO	3
TRIP10	3
TSC2	3
tuberous sclerosis complex 2 protein	3
TWIST2	3
TXNRD3	3
TYR	3
UBE2B	3
ubiquitin C-terminal hydrolase	3
UBR5	3
UGT2B15	3
Ulcerative Colitis	3
Urinary Incontinence	3
USP9X	3
Vaccines	3
valosin-containing protein	3
vasoactive intestinal peptide	3
vitamin analog	3
Vitronectin	3
WASF2	3
WDR5	3
WDR77	3
Wiskott-Aldrich Syndrome Protein	3
withaferin A	3
WNT2B	3
WNT9A	3
WWC1	3
WWTR1	3
Xanthine Dehydrogenase	3
XBP1	3
XR9576	3
ZBTB10	3
ZNF121	3
ZNF24	3
ZNF326	3
1-(2-(dodecyloxy)ethyl)pyrrolidine hydrochloride	2
1-dodecylpyridoxal	2
1-Methyl-3-isobutylxanthine	2
1-Phosphofructokinase	2
15-deoxyprostaglandin J2	2
2-hydroxyestrone	2
2-tert-butylhydroquinone	2
"2,2-bis(hydroxymethyl)-1-azabicyclo(2,2,2,)octan-3-one"	2
"2,5-dichloro-4-bromophenol"	2
3-deazaneplanocin	2
"3,3',4,5'-tetrahydroxystilbene"	2
"3,4-dihydroxybenzohydroxamic acid"	2
3'-dimethylaminoflavone	2
"4-(1-aminoethyl)-2,6-bis(1,1-dimethylethyl)phenol"	2
4-(2-oxapentadeca-4-yne)phenylpropanoic acid	2
4-hydroxyestradiol	2
4-methylcoumarin 7-O-sulfamate	2
5-Trimethoxyamphetamine	2
"5,7-dihydroxy-6-methoxy-2-phenylchromen-4-one"	2
6-aminocaproic acid	2
"6-methyl-1,3,8-trichlorodibenzofuran"	2
A1CF	2
AB-2 compound	2
abacavir	2
abarelix	2
ABCE1	2
Abducens Nerve Diseases	2
ABL2	2
ACACA	2
ACCS	2
Acetals	2
acetaminophen	2
Acetyl-L-Carnitine	2
Acetyltransferase	2
acid sphingomyelinase	2
aconitine	2
Actin-Related Protein 2-3 Complex	2
activated RNA polymerase II transcription cofactor 4	2
Activating Transcription Factor 2	2
Activating Transcription Factor 6	2
ACTN1	2
ACTR1B	2
ACTR2	2
Acute hyponatremia	2
acyclovir	2
acylcarnitine	2
AD 143	2
ADAM-TS9	2
ADAM15	2
ADAMTS	2
ADAMTS9	2
Adaptor Signaling Protein	2
ADAR	2
ADAR1	2
ADCYAP1	2
Adenosis	2
Adipokines	2
ADP-Ribosylation Factor 1	2
AEE 788	2
afadin	2
AFP	2
Agammaglobulinaemia tyrosine kinase	2
AGAP2-AS1	2
Aglycone	2
AICDA	2
ajoene	2
AKAP13	2
AKR1C2	2
AKR1C4	2
AKT1S1	2
AKT3	2
AKTIP	2
ALCAM	2
Alcohol dehydrogenase	2
ALDH1A1	2
allograft inflammatory factor-1	2
alpha Catenin	2
alpha-tocopherol succinate	2
ALPP	2
alternagin-C	2
aluminum chloride	2
Amidines	2
anacardic acid	2
andrographolide	2
"Anemia, Megaloblastic"	2
Anesthetics	2
angiomodulin	2
ANGPTL2	2
aniline	2
Annexin A1	2
anthracene	2
Anti-HER2 Antibody-drug Conjugate	2
Anti-Immunoglobulin E antibody	2
Anti-Yo Antibody	2
"Antibodies, Phospho-Specific"	2
Antifungal Agents	2
Antihypertensive Agents	2
ANXA1	2
AOX1	2
AP4B1	2
AP5Z1	2
apoAI regulatory protein-1	2
APOBEC3B	2
Apolipoprotein A-I	2
apomucin	2
Apoptosis Inducing Proteins	2
Apparent mineralocorticoid excess	2
argipressin	2
ARHGAP18	2
aripiprazole	2
Aroclor 1254	2
Aromasin	2
aromatic hydrocarbon receptor	2
artepillin C	2
Arthritis	2
ASAP1	2
ASCL1	2
asialofetuin	2
ASIP	2
ASPA	2
aspartate	2
Aspartic Acid Endopeptidases	2
ASPM	2
ASPN	2
ASPRV1	2
ASRGL1	2
Asthma	2
ATAD2	2
ATF4	2
ATG5	2
ATHS	2
ATP5A1	2
ATP5G1	2
ATP5G2	2
ATP5J	2
ATP7A	2
ATRNL1	2
atypical protein kinase C	2
AXIN1	2
AZIN2	2
Azoles	2
Azoospermia	2
BARX2	2
Bax protein	2
BCCIP	2
BCHE	2
BCL2L1	2
BCR	2
BDP1	2
benzenesulfonamide	2
benzil	2
Benzo(a)pyrene	2
benzyl isothiocyanate	2
"beta-1,3-Galactosyl-o-glycosyl-glycoprotein beta-1,6-N-acetylglucosaminyltransferase"	2
beta-Aminopropionitrile	2
beta-Caseins	2
beta-Galactosidase	2
beta-Transducin Repeat-Containing Proteins	2
betacellulin	2
BHLHE23	2
BHLHE40	2
Biological Response Modifiers	2
bis(4-hydroxycinnamoyl)methane	2
bisphenol A	2
bleomycin	2
BMP7	2
BNP 1350	2
Bolero	2
bone morphogenetic protein 6	2
Botanical	2
brca	2
BRD2	2
BRD7	2
britannin	2
brucine	2
BUD31	2
buprenorphine	2
BVES	2
CACYBP	2
Cafe-au-Lait Spots	2
Calcium-Calmodulin-Dependent Protein Kinases	2
Calgranulin B	2
cannabinoid receptor	2
Cannabinoids	2
Carbamates	2
CARBONATE DEHYDRATASE	2
Carcinomatous pleurisy	2
CARD16	2
CARM1	2
carnitine	2
Casein Kinase 2 alpha Subunit	2
CASP7	2
CASP8 and FADD-Like Apoptosis Regulating Protein	2
Caspase Inhibitors	2
catalase	2
catechol	2
Catechol Oxidase	2
CAV1	2
CBFA2T3	2
CBR3-AS1	2
CBX1	2
CBX7	2
CBX8	2
CCDC170	2
CCL16	2
CCL22	2
CCNA1	2
CCR1	2
CCR2	2
CCR7	2
CD36	2
CDB-4124	2
CDC25C	2
CDK11B	2
CDK5	2
CDK6-associated protein p18	2
cDNA Library	2
CDR1	2
CDR1-AS	2
CDX2	2
CEACAM3	2
CEBPB	2
Cell-Penetrating Peptides	2
CEMIP	2
Centchroman	2
CEP55	2
cerivastatin	2
CES1	2
CHAC2	2
Chalcone	2
Checkpoint kinase 1	2
chemokine receptor	2
CHKA	2
Chloride Channels	2
Chlorides	2
chlorpromazine	2
cholesteryl sulfate	2
chromosome 17q	2
Chromosome Instability Syndromes	2
CI1033	2
cimetidine	2
cinnamic aldehyde	2
CIRBP	2
CITED2	2
CKD 602	2
Clathrin	2
CLCN2	2
CLDN15	2
Clodronic Acid	2
CMD1B	2
CNKSR1	2
CNKSR2	2
CNOT9	2
CNR2	2
CNTN5	2
coactivator-associated arginine methyltransferase 1	2
coagulation factor IX	2
Cofilin 1	2
COMMD1	2
Concanavalin A	2
Connector Enhancer of KSR-Like Protein	2
constitutive androstane receptor	2
contactin	2
copine III	2
copper-binding protein	2
COPS4	2
Coronary Arteriosclerosis	2
corticotropin-releasing hormone	2
coumarin 7-O-sulfamate	2
COUP Transcription Factor I	2
CPEB4	2
CRBN	2
CREB-binding protein	2
CRTC2	2
CRY2	2
cryptophycin	2
cryptotanshinone	2
CSDE1	2
CSH1	2
CSNK2A2	2
CTCFL	2
CTDSPL	2
CTRL	2
CUBN	2
cucurbitacin B	2
Cucurbitacins	2
CXCL5	2
CXCR1	2
CXCR5	2
CYBB	2
Cyclic Peptides	2
cyclin A1	2
CYGB	2
CYP1A2	2
cyproterone acetate	2
Cystatin B	2
Cystatins	2
CYTL1	2
Cytochromes	2
Cytokine Inducible SH2-Containing Protein	2
Cytokine-Inducible Kinase	2
Cytoplasmic Protein	2
cytosolic receptor	2
DAB389 epidermal growth factor	2
"DACA, acridine"	2
dactinomycin	2
dactolisib	2
danofloxacin	2
dantrolene	2
DAXX	2
DDT (Insecticide)	2
DDX17	2
DDX21	2
DDX24	2
DDX5	2
Deaminase	2
death receptor-4	2
Deep Vein Thrombosis	2
Degenerative polyarthritis	2
delphinidin	2
denosumab	2
DEPTOR	2
"Dermatitis, Phototoxic"	2
dexmedetomidine	2
dezocine	2
DHPS	2
"Diabetes Mellitus, Insulin-Dependent"	2
Diabetic mastopathy	2
diaziquone	2
dibenzoylmethane	2
dichloroacetate	2
Dichlorodiphenyl Dichloroethylene	2
diethyl phthalate	2
Diffuse Idiopathic Pulmonary Neuroendocrine Cell Hyperplasia	2
dihydroxyacetone sulfate	2
diosmin	2
Dioxygenases	2
Diplopia	2
dipyridamole	2
DIRAS1	2
Discoidin Domain Receptor 1	2
Distilled water	2
DLX3	2
DMC1	2
DMD	2
DMP1	2
DNA Excision Repair Protein ERCC-4	2
DNA glycosylase	2
DNA Methyltransferase	2
DNA Mismatch Repair Protein MSH2	2
"DNA, Catalytic"	2
DNAJA2	2
DNAJA3	2
DNAJC14	2
DNTT	2
DOCK1	2
DOCK1 protein	2
Doxil	2
DST	2
Duodenal Ulcer	2
DUSP1	2
DYNLL1	2
E2F3	2
E2F4	2
E6 protein papillomavirus type 16	2
EBF1	2
EBP	2
edatrexate	2
EDN1	2
EEF1A1	2
EGb 761	2
EIF4EBP1	2
EIF4G1	2
EKB 569	2
elastin	2
ELL3	2
Enclomiphene	2
End stage renal failure	2
Endometriosis of uterus	2
endonuclease	2
Endothelial dysfunction	2
endothelial PAS domain-containing protein 1	2
Endothelin	2
Endothelin-1	2
enilconazole	2
ENOLASE	2
"Enterocolitis, Neutropenic"	2
Environmental Estrogen	2
enzastaurin	2
EPHB4	2
Epigen	2
Epiregulin	2
Epithelial Discoidin Domain Receptor 1	2
epoetin alfa	2
epothilone B	2
ERBB2 Antibody	2
ERBB4 Receptor Protein Tyrosine Kinase	2
ERBIN	2
ERCC5	2
ERCC8	2
ERG-associated protein with SET domain	2
eribulin mesylate	2
Erlotinib Hydrochloride	2
ERVK-11	2
Erythema Nodosum	2
escitalopram	2
Estramustine	2
estrogen sulfatase	2
estroprogestin	2
etidronate	2
Eukaryotic Initiation Factor-4G	2
eupatilin	2
Excision Repair Cross-Complementing 1	2
Factor VII Deficiency	2
factor VIII	2
FAF1	2
FANCM	2
Fanconi Anemia Complementation Group Proteins	2
Fascin	2
FASTK Gene	2
fatty acid amide hydrolase	2
FBF1	2
FBXL19	2
febuxostat	2
Female Genital Diseases	2
fentanyl	2
FER	2
FERMT2	2
FGF23	2
FGF4	2
FGFR3	2
FGR	2
FHL1	2
Fibroblast Growth Factor Receptor 1	2
Fibrosing adenosis	2
fibulin 2	2
fisetin	2
FK-506	2
FLII	2
fludarabine	2
Fluoxymesterone	2
fluphenazine	2
FMR1	2
FN1	2
follicle stimulating hormone	2
Forkhead Box Protein P3	2
Forkhead Transcription Factors	2
formaldehyde	2
fosaprepitant	2
FOXK2	2
FOXN3	2
fumarate	2
furanodiene	2
FUT8	2
FZD8	2
G0S2	2
G3BP2	2
GAB1	2
gabapentin	2
GABARAPL1	2
GADD45G	2
GADL1	2
Galectin 1	2
ganciclovir	2
GAST	2
Gastrointestinal perforation	2
GATAD2B	2
gedunin	2
GEMIN2	2
Gene Family	2
Gene Mutant	2
GIHCG	2
Ginkgo biloba extract	2
GLI3	2
gliotoxin	2
GLS	2
Glucosephosphate Isomerase	2
glutathione S-transferase pi	2
Glycopeptides	2
glyphosate	2
GMNN	2
GNAS	2
Gonadotropin releasing hormone antagonist	2
Gout	2
GPA33	2
GPR3	2
GRDX	2
grepafloxacin	2
growth differentiation factor 10	2
GRP94	2
Guillain-Barre Syndrome	2
H3F3BP2	2
HBP1	2
Hematological Disease	2
"Heparin, Low-Molecular-Weight"	2
hepatocellular carcinoma protein 1	2
hepatocyte growth factor activator	2
hepsin	2
Hereditary Diseases	2
heterochromatin-specific nonhistone chromosomal protein HP-1	2
hexabromocyclododecane	2
high density lipoprotein binding protein	2
High Mobility Group Proteins	2
HIP1	2
histidine	2
histone acetyltransferase	2
HM13	2
HMGCR	2
HMMR	2
homocysteine	2
honokiol	2
Horseradish Peroxidase	2
HOXA9	2
HPN	2
HSD17B7P2	2
HSD3B1	2
HSPA1A	2
HSPA9	2
HSV-Tk Gene	2
HUNK	2
hydrochloride	2
hydrogen sulfite	2
hydroxychloroquine	2
hydroxycitric acid	2
Hydroxymethylglutaryl-CoA reductase	2
hypaconitine	2
hypericin	2
Hyperlipidemia	2
Hypoglycemia	2
Hypogonadism	2
Hypothalamic inhibiting factor	2
Hypothyroidism	2
ibuprofen	2
icariin	2
ID-1	2
IDH1	2
IFI16	2
IGF2	2
IGF2BP1	2
IGF2BP3	2
IGFBP3	2
IGHE	2
IKBKG	2
IL6ST	2
ILK	2
Imidazolidines	2
IMMP1L	2
Immune response	2
immunoglobulin G	2
Immunoglobulin M	2
Immunologic Deficiency Syndromes	2
Immunophilins	2
Importins	2
Incontinence	2
indirubin	2
Inflammatory Bowel Diseases	2
Inflammatory disorder	2
insulin-like growth factor binding protein-related protein 1	2
Integrin alpha3	2
Integrin alpha3beta1	2
Integrin alpha6	2
Integrin alphaVbeta3	2
Interleukin 6 Receptor	2
interleukin-11	2
Interleukin-15	2
Interleukin-18	2
Intervertebral Disc Degeneration	2
Ion Channel	2
IRF1	2
IRF5	2
Iron deficiency	2
Iron deficiency anemia	2
isoleucine	2
isoniazid	2
isoproterenol	2
isotetrandrine	2
Isothiocyanate	2
Isothiocyanates	2
Isoxazoles	2
ITGA1	2
ITGB3BP	2
jaceosidin	2
JAG1	2
Janus kinase 3	2
JTB	2
KAT7	2
KCNK9	2
KCNN4	2
KDM3A	2
KDM4A	2
"Kidney Failure, Chronic"	2
KIF14	2
KIF20B	2
KIF5B	2
KIFAP3	2
KIFC1	2
Kinesin	2
KLF17	2
KLK6	2
KLK7	2
KLLN	2
KMT2C	2
KMT2D	2
KRT6A	2
KRT8	2
KRT82	2
Kynurenic Acid	2
L-pipecolate dehydrogenase	2
LACTB	2
Lactic acid dehydrogenase isoenzyme 5	2
Lactones	2
LAG3	2
Lambert-Eaton Myasthenic Syndrome	2
Laminin Receptor	2
lamivudine	2
LAMP3 Gene	2
Lantus	2
LARP6	2
LASP1	2
LAT	2
LBH589	2
LDL-Receptor Related Protein 2	2
leflunomide	2
lenograstim	2
Lentivirus Infections	2
Leukocyte Elastase	2
levodopa	2
LGALS4	2
LGD 1069	2
LGMN	2
liarozole	2
LIMD2	2
LINC00473	2
LINC00673	2
LINC01089	2
link protein	2
LINP1	2
liothyronine	2
Lipoxygenase	2
liver X receptor	2
LMO2	2
Local disease	2
losartan	2
Low Density Lipoprotein Receptor	2
loxiglumide	2
LPAR1	2
LSR	2
LTB4R2	2
Lucanthone	2
lung resistance protein	2
luteinizing hormone	2
LY 309887	2
LY 355703	2
Lymphocyte Function-Associated Antigen-1	2
Lymphopenia	2
Lysosomal enzyme	2
lysyl-arginyl-alanyl-lysyl-alanyl-lysyl-threonyl-threonyl-lysyl-lysyl-arginine	2
Macular retinal edema	2
MAD1L1	2
MAGEA1	2
MAL2	2
Male infertility	2
mangiferin	2
MAP2K5	2
MAP3K3	2
MAP3K4	2
matrine	2
Matrix	2
matrix Gla protein	2
Matrix Metalloproteinase 11	2
McCune-Albright Syndrome	2
MED19	2
MEG3	2
MEGF11	2
Melengestrol	2
Melitten	2
"membrane-associated protein, 17-kDa"	2
membrane-type 1 matrix metalloproteinase	2
Menin	2
mesaconitine	2
MEST	2
mesylate	2
methadone	2
methanol	2
Methionine gamma-lyase	2
methotrexate polyglutamate	2
methoxy-morpholinyl-doxorubicin	2
methylamphotericin B	2
metronidazole	2
MGAT5	2
MGLL	2
MICB	2
miltefosine	2
Mineralocorticoids	2
MIR1304	2
MIR148A	2
MIR150	2
MIR15A	2
MIR192	2
MIR205	2
MIR2052HG	2
MIR206	2
MIR24-2	2
MIR30A	2
MIR30A wt Allele	2
MIR342	2
MIR3941	2
MIR431	2
MIRN24-2	2
mitogen-activated protein kinase 7	2
mitogen-activated protein kinase kinase kinase 11	2
MMP2	2
MOAP1	2
molecular chaperone GRP78	2
mollugin	2
monomethyl auristatin E	2
MONOPHENOL MONOOXYGENASE	2
monorden	2
MPP1	2
MRAS	2
MRPL41	2
MS4A2	2
MSH6	2
MSI2	2
MST1	2
MT1A	2
MT1B	2
MT1F	2
MT1G	2
MT1H	2
MT1IP	2
MT1L	2
MT1M	2
MT1X	2
MT3	2
MTNR1A	2
MTO1	2
MTR	2
MUC2	2
Multidrug Resistance-Associated Proteins	2
MX-1	2
MXD1	2
MYC Family Genes	2
MYC Family Protein	2
MYCBPAP	2
MYCN	2
MYD88	2
Myeloblastin	2
MYH10	2
Myocardial Ischemia	2
myocardin	2
MYOD1	2
MZB1	2
N-Myc Downstream Regulated Protein 1	2
NADPH Oxidase	2
naringin	2
Navelbine	2
NCOA4	2
NDRG1	2
negative elongation factor	2
NEK2	2
NEK5	2
Neuroleptic Malignant Syndrome	2
neuronal apoptosis inhibitory protein	2
neurotrophic factor	2
NF-AT	2
NFATC1	2
NFATC2	2
NFIB	2
Nidogen	2
nitazoxanide	2
nitidine chloride	2
nitroxoline	2
norathyriol	2
norbuprenorphine	2
norfloxacin	2
Norgestrel	2
NOS1AP	2
noscapine	2
NOX4	2
NPAT	2
NR2E3	2
NRAS	2
NRG1	2
NSC 23766	2
NTRK2	2
NU 6027	2
Nuclear Receptor Coactivator 4	2
"nuclear receptor subfamily 1, group H, member 3"	2
Nucleosomes	2
NUMA1	2
NVP-AUY922	2
obtusaquinone	2
ofloxacin	2
OGX-011	2
Oligospermia	2
olomoucine II	2
oltipraz	2
Oncogene ErbB2	2
"Oncogene, RET"	2
Open Reading Frames	2
Opioids	2
Opsoclonus-Myoclonus Syndrome	2
oral anticoagulants	2
Oral form sulfasalazine	2
Osteocalcin	2
Osteogen	2
Osteoporotic Fractures	2
Osteosclerosis	2
osthol	2
"Ovarian Failure, Premature"	2
Ovarian Hyperstimulation Syndrome	2
oxfendazole	2
P-Selectin	2
p61-YES protein	2
PABPC1	2
PAM	2
Parathyroid Hormone Receptor	2
PARD6A	2
PARP3	2
pazopanib	2
PBRM1	2
PCOLCE	2
PCSK1	2
PDGFRB	2
PDK1	2
PDLIM3	2
PDPN	2
PDZK1IP1	2
PEA15	2
PECAM1	2
pegvisomant	2
pentoxifylline	2
PEPD	2
Pericarditis	2
perilipin 2	2
Peritoneal Fibrosis	2
Peroxisome Proliferator-Activated Receptors	2
PFN1	2
PGRMC1	2
Phenanthridines	2
phenolsulfonphthalein	2
PHF11	2
PHF8	2
phorbol-12-myristate-13-acetate-induced protein 1	2
Phosphates	2
Phosphatidylinositide 3-Kinase Inhibitor	2
Phosphodiesterase 5 inhibitor	2
Phosphoenolpyruvate Carboxylase	2
"Phosphoinositide-3-Kinase, Catalytic, Beta Polypeptide"	2
Phosphothreonine	2
phthalate	2
phytochlorin	2
picolinic acid	2
PIK3R3	2
Piperlongumine	2
pituitary adenylate cyclase activating polypeptide	2
PKI 166	2
PKN3	2
Plaque morphea	2
"Platinum Compounds, Inorganic"	2
PLD2	2
PLEC	2
Plectin	2
PLEKHF1	2
PLK4	2
PLOD2	2
PMS2	2
POLD3	2
Polycystic Ovary Syndrome	2
Polyphosphates	2
Polyubiquitin	2
poncirin	2
POSTN	2
povidone	2
PPAR-beta	2
PPARGC1A	2
PPP6C	2
PRA-910	2
pregabalin	2
Premature aging syndrome	2
Premenstrual syndrome	2
PREX2	2
Primary Biliary Cholangitis	2
pristimerin	2
PRMT2	2
procoagulant	2
PROM1	2
proMMP-2	2
Proprotein Convertase 1	2
"pros protein, Drosophila"	2
protein C	2
Protein C Inhibitor	2
protein geranylgeranyltransferase	2
protein kinase B gamma	2
Protein Kinase C-delta	2
protein phosphatase 6	2
Protein Tyrosine Phosphatase	2
"Protein Tyrosine Phosphatase, Non-Receptor Type 11"	2
prothymosin alpha	2
proto-oncogene protein kfgf	2
PRR11	2
PRSS8	2
pseudolaric acid B	2
PSG2	2
PSMA5	2
PSMD12	2
PTENP1	2
PTPN18	2
PTPN2	2
PTPRD	2
PTPRO	2
PTTG1IP	2
puerarin	2
PVT1	2
PWAR6	2
pyrazolopyrimidine	2
pyrene	2
pyridoxal	2
pyridoxine	2
pyrimidin-2-one beta-ribofuranoside	2
pyrotinib	2
pyrrolidine dithiocarbamate	2
PYRUVATE CARBOXYLASE	2
pyruvate dehydrogenase	2
pyruvate dehydrogenase kinase	2
Quinazolines	2
quinone methide	2
R-cadherin	2
RAB11B-AS1	2
RABGEF1	2
RABL6	2
RAD51-AS1	2
RAD51D	2
Radiation-Sensitizing Agents	2
RAI1 wt Allele	2
RALGAPA2	2
RAP1A	2
RAP1GDS1	2
ras Oncogene	2
rasagiline	2
RASSF1-AS1	2
RBL1	2
RBM3	2
receptor for advanced glycation endproducts	2
"Receptor, TIE-2"	2
"Receptor, trkB"	2
"Receptors, Tumor Necrosis Factor, Type II"	2
RECK	2
recombinase	2
"Red blood cells, blood product"	2
Reduced Glutathione	2
REG1A	2
Regulatory Protein	2
RELB	2
RERE	2
"Respiratory Distress Syndrome, Adult"	2
Respiratory Failure	2
restin	2
retinoic acid receptor gamma	2
Reversible posterior leukoencephalopathy syndrome	2
RFP2	2
RFWD2	2
RH1	2
RHEB	2
RHOBTB2	2
Rhombotin 2	2
ribonucleotide reductase M2	2
ribosomal protein S3	2
"ribosomal protein S6 kinase, 70kD, polypeptide 2"	2
RIPK2	2
RIPK3	2
RITA1	2
RNASE3	2
RND1	2
RNF111	2
RNF31	2
ROPN1L	2
RORC	2
rosiglitazone	2
RP1	2
RPS27	2
RPS3	2
RPS6KA5	2
RPS6KB2	2
RUNX1T1	2
S100A1	2
S100A11	2
S100A14	2
S100A9	2
S1PR1	2
SAFB	2
SALL4	2
salvicine	2
SAM 486A	2
santalol	2
Santonin	2
Sarcoidosis	2
SC 236	2
SCAF11	2
SCFV	2
selenocystine	2
Selenoprotein W	2
SELENOW	2
SELPLG	2
SEMA3A	2
Sep-02	2
Sep-07	2
SERINC3	2
SERPINF2	2
SERTAD1	2
SETD2	2
SETDB1	2
sevoflurane	2
Sexually Transmitted Diseases	2
SFN	2
SH3BGRL	2
SH3GL2	2
SH3KBP1	2
SHARPIN	2
shogaol	2
si-wu-tang	2
SIK3	2
Silk	2
Sin3 Histone Deacetylase and Corepressor Complex	2
SIN3A	2
SIRPA	2
SIX2	2
SKA2	2
SKI	2
SL0101	2
SLC25A3	2
SLC2A1	2
SLC37A1	2
SLC7A5	2
SLC9A3R2	2
"Sleep Apnea, Obstructive"	2
SLPI	2
SMAD5	2
Small Nuclear Ribonucleoprotein Polypeptide F	2
SMARCA4	2
SMN1	2
SMO	2
SMURF2	2
SMYD2	2
SNORD104	2
somatostatin	2
Somatotropin-Releasing Hormone	2
SOX5	2
SOX7	2
SOX9	2
SPAG5	2
SPAM1	2
Spermatocidal Agents	2
Spermidine/Spermine N1-Acetyltransferase	2
sphingosine kinase	2
Sphingosine-1-Phosphate Receptors	2
SPHK2	2
SRARP	2
"Src homology 2 domain-containing, transforming protein 1, 66 kDa isoform"	2
SRCIN1	2
ST14	2
ST3GAL1	2
STAG1	2
Staphylococcal Protein A	2
STAT protein	2
Steroid 11-beta-Monooxygenase	2
steroidogenic acute regulatory protein	2
STI571	2
STK39	2
Substance P	2
Succinate-CoA Ligases	2
SUCO	2
Sulfhydryl Compounds	2
sulforafan	2
sulpiride	2
Suppressor	2
SUPT5H	2
SUZ12	2
Systemic disease	2
Systemic Scleroderma	2
T 138067	2
T-Cell Receptor	2
TAB1	2
TAGLN2	2
talc	2
TARDBP	2
TCF3	2
TCF4	2
TCF7	2
tegafur	2
Tenascin	2
TERC	2
TERF1	2
TERF2IP	2
TET1	2
tetra-O-methylnordihydroguaiaretic acid	2
tetrabenazine	2
tetrahydropalmatine	2
TFAP2B	2
TFDP1	2
TFEB	2
TFPI	2
Thapsigargin	2
Thiobarbituric Acid Reactive Substances	2
thioguanine	2
Thiosemicarbazones	2
Thymidine Kinase	2
TIMM50	2
TIMP4	2
tin(IV) chlorin e6	2
tipifarnib	2
TLE3	2
TLR1	2
TMEM59	2
TNFRSF11B	2
TNFRSF12A	2
TNS4	2
Tobacco	2
Toll-Like Receptor 1	2
Toll-like receptor 9	2
TOP1	2
TOPBP1 Gene	2
Toxaphene	2
TP53BP2	2
TP53I3	2
TPO	2
TRA	2
TRAF6	2
Transaldolase	2
Transcriptase	2
Transforming Growth Factors	2
triapine	2
tricetin	2
trilostane	2
TRIM13	2
TRIM28	2
TRIM32	2
TRIM56	2
triphenylethylene	2
Tropomyosin	2
Troponin T	2
TRPC1	2
TRPC6	2
TRPS1	2
TRPV1	2
trypsin	2
tryptanthrine	2
tryptophan	2
TSG101	2
TSTA3	2
TTK	2
Tuberculosis	2
tubulosine	2
Tumor proteins	2
TXNIP	2
TXNRD1	2
TXNRD2	2
TYRP1	2
Tyrphostins	2
UBE2D3	2
UBR1	2
UCP1	2
UGT2B17	2
UGT2B7	2
urea	2
USP11	2
USP15	2
USP26	2
USP27X	2
USP36	2
USP51	2
Vascular Endothelial Growth Factor A	2
Vascular Endothelial Growth Factor Receptor-3	2
Vasculitis of large artery	2
VAV2	2
VCAN	2
VEGFC	2
verteporfin	2
VGLL4	2
VHH Immunoglobulin Fragments	2
vinblastine	2
vindesine	2
vinflunine	2
VIP	2
Viral Tumor Antigens	2
Vitamin B 12 Deficiency	2
Vitamins	2
VPS36	2
WASF3	2
Water Specimen	2
WIF1	2
WNT10B	2
WNT3	2
WNT7A	2
Wortmannin	2
WRN	2
xanthatin	2
xanthohumol	2
XK	2
XRCC3	2
YES1	2
ZBTB4	2
ZD 4190	2
ZEB1-AS1	2
ZIC2	2
Zn-alpha-2-glycoprotein	2
ZNF331	2
ZNF350	2
ZNF395	2
ZNF398	2
ZNF516	2
ZNF652	2
ZNF711	2
.beta.-ionone	1
1-Methyl-4-phenylpyridinium	1
1-methyl-tryptophan	1
1-Phosphatidylinositol-4-phosphate kinase	1
10-deacetylbaccatine III	1
15-Hydroxyprostaglandin dehydrogenase (NAD+)	1
17beta HSD1	1
18-crown-6	1
2-benzothiazolesulfonamide	1
"2-cyano-3,12-dioxoolean-1,9-dien-28-oic acid"	1
2-cyclopentyl-5-(5-isoquinolylsulfonyl)-6-nitro-1H-benzo(D)imidazole	1
2-hydroxyestradiol	1
3-methylquercetin	1
4-hydroxyestrone	1
4-methylumbelliferone	1
"4-oxy-6-(4-oxybezoyloxy)dauc-8,9-en"	1
4-tert-octylphenol	1
5-7-oxo-zeaenol	1
5-Alpha reductase inhibitor	1
5-hydroxymethylfurfural	1
5'-Methylthioadenosine phosphorylase	1
6-pyruvoyltetrahydropterin synthase	1
667 coumate	1
68Ga-NOTA-RM26	1
7-hydroxymatairesinol	1
"7,8-Dihydro-7,8-dihydroxybenzo(a)pyrene 9,10-oxide"	1
9cUAB30	1
"A,B ANTIBODY"	1
ABCB10	1
Abdominal obesity	1
abl Oncogene	1
ABT-737	1
Acaricides	1
Acetamide derivative	1
Acetamides	1
acetazolamide	1
acetovanillone	1
Acetylcholine Receptor Antibody	1
acetylcholinesterase	1
acetylshikonin	1
acetyltanshinone IIA	1
Acquired Immunodeficiency Syndrome	1
Acral erythema due to cytotoxic therapy	1
Acridines	1
Acrylonitrile	1
ACSM3	1
"ACTH Deficiency, Isolated"	1
activated p21cdc42Hs kinase	1
Activated-Leukocyte Cell Adhesion Molecule	1
Acute cutaneous lupus erythematosus	1
Acute encephalopathy	1
Acute Generalized Exanthematous Pustulosis	1
Acute Kidney Tubular Necrosis	1
Acute Peripheral Vestibulopathy	1
Acyltransferase	1
ADAM10	1
ADAM12	1
ADCYAP1R1	1
Adenosylmethionine Decarboxylase	1
ADIPOR1	1
Adiposis Dolorosa	1
ADP-ribosyl Cyclase	1
adrenomedullin	1
Adriablastine	1
adriamycinol	1
ADSL	1
Adult Fanconi syndrome	1
Advanced Oxidation Protein Products	1
AF-2	1
AFAP1-AS1	1
Afema	1
Afferent Loop Syndrome	1
African Trypanosomiasis	1
AGO2	1
AGTR1	1
AIMP1	1
Air Pollutants	1
AK6	1
Akathisia	1
AKR1C1	1
"Akrb7 protein, mouse"	1
ALDH1L1	1
ALDH7A1	1
alendronate	1
Algal toxin	1
alizapride	1
Alkaline phosphatase isoenzyme	1
Alkeran	1
Alkylphosphocholine Compound	1
allopurinol	1
allyl sulfide	1
Alopecia	1
alpelisib	1
Alpha E	1
Alpha tocopheryl succinate	1
alpha-acetoxytamoxifen	1
alpha-carboline	1
Alpha-glucosidase	1
alpha-hydroxytamoxifen	1
alpha-Synuclein	1
alpha-tocopheryl polyethylene glycol succinate	1
ALPK1	1
AMDHD1	1
AMFR	1
Aminophenols	1
aminophosphonate	1
amiodarone	1
Amyloidosis	1
Amyotrophic Lateral Sclerosis	1
Anabolic steroids	1
anaphylaxis	1
androgenic steroid	1
Anemia of chronic disease	1
"Anemia, Sickle Cell"	1
Anhydramnios	1
Animal protein	1
Ankyrins	1
ANLN	1
annexin A5	1
Anovulatory (finding)	1
Anterior scleritis	1
Anti-HER2 Monoclonal Antibody	1
Anti-purkinje cell antibody	1
antileukoprotease	1
Antimalarials	1
antipyrine	1
antitumor agent	1
Aortitis	1
apical sodium-dependent bile acid transporter	1
Apolipoprotein E	1
Apoptosis Inducing Factor	1
aporphine alkaloids	1
aprepitant	1
AQP3	1
Aquaporin 1	1
Arabinofuranosylcytosine Triphosphate	1
Arachidonate 15-Lipoxygenase	1
arachidonic acid	1
ARAP1	1
arctigenin	1
ARHGEF16	1
ARHGEF5	1
ARHI	1
Aromatic Amines	1
AROMATICS	1
arsenal	1
Arthropathy	1
Aryl Hydrocarbon Hydroxylases	1
ascorbic acid	1
asiatic acid	1
asoprisnil	1
asparagine	1
Aspartate Transaminase	1
AT III	1
atamestane	1
atazanavir	1
atenolol	1
ATP Citrate (pro-S)-Lyase	1
ATP2A3	1
atrasentan	1
ATRIAL THROMBUS	1
Atrophy of liver	1
ATXN7L3	1
Atypical Endometrial Hyperplasia	1
Aurintricarboxylic Acid	1
Autoimmune Chronic Hepatitis	1
Autoimmune thyroid disease	1
Autoimmune thyroiditis	1
Autonomic neuropathy	1
avarol	1
Avidin	1
AVP	1
AXIN2	1
AZD-1775	1
AZD2171	1
AZD4547	1
AZD8186	1
AZD9496	1
B 31	1
B lymphocyte-induced maturation protein 1	1
B3GAT1	1
B4GALT1	1
Bacterial sepsis	1
BAP1	1
Basis	1
BASP1	1
BAY 11-7085	1
BCAP29	1
BCAR4	1
BCL11A	1
benzaldehyde	1
benzamide	1
benzene	1
Benzoflavones	1
benzohydrol	1
benzoic acid	1
benzophenone	1
benzoquinone	1
Benzothiazoles	1
Benzoxazoles	1
bepridil	1
beta carotene	1
Beta protein	1
beta-2 Adrenergic Receptors	1
beta-adrenergic receptor	1
beta-arrestin 2	1
beta-Arrestins	1
beta-thujaplicin	1
bezafibrate	1
bilirubin glucuronoside glucuronosyltransferase	1
BIRC7	1
bis(4-hydroxyphenyl)sulfone	1
BLACAT1	1
BLCAP	1
blocking factor	1
Blood group antibody B	1
BML-111	1
BMP4	1
BMS 536924	1
BMS345541	1
BMS453	1
BNIP3	1
BOK	1
boldine	1
bone destruction	1
bone morphogenetic protein 4	1
Bongkrekic Acid	1
Brain Edema	1
BRCA1 Associated RING Domain 1 Protein	1
brivudine	1
bromotyrosine	1
bryostatin 1	1
BTK	1
BTN3A2	1
BUB3	1
Bullous pemphigoid	1
Buparlisib	1
bupivacaine	1
butein	1
Buthionine Sulfoximine	1
butylated hydroxyanisole	1
Butyrates	1
C-KIT Gene	1
C-Peptide	1
C-terminal binding protein	1
C10	1
C12orf57	1
C1orf228	1
C3AR1	1
C4B	1
Ca(2+)-Transporting ATPase	1
CA5A	1
cabergoline	1
CACNG2	1
CACUL1	1
CAD	1
Caffeic Acid Phenethyl Ester	1
Calcidiol 1-Monooxygenase	1
calcifediol	1
Calcinosis	1
Calciphylaxis	1
calcipotriene	1
Calcium/calmodulin-dependent protein kinase	1
calf thymus DNA	1
Calmodulin 1	1
calmodulin-dependent protein kinase III	1
Calusterone	1
calyculin A	1
camrelizumab	1
Cancer anemia	1
candesartan	1
Candidiasis	1
CAPN2	1
carbachol	1
Carbazilquinone	1
carbidopa	1
carbon monoxide	1
"Carcinogens, Environmental"	1
CARD8	1
Cardiac Arrhythmia	1
Cardiac Myosins	1
"Cardiomyopathy, Dilated"	1
"Cardiomyopathy, Familial Idiopathic"	1
Carpal Tunnel Syndrome	1
CASC2	1
caseins	1
Casodex	1
Caspase 12	1
cathepsin K	1
CAV2	1
CB 1954	1
CB 3717	1
CB-839	1
CCAAT-Enhancer-Binding Protein-delta	1
CCAR1	1
CCK	1
CCL13	1
CCL17	1
CCL4	1
CCN5	1
CCNE2	1
CD 200	1
CD160	1
CD163	1
CD200	1
CD244	1
CD248	1
CD46	1
CD47 Antigen	1
CD55	1
CD59	1
CD63	1
CD70	1
CD71 antigen	1
CD79A	1
CDA	1
cdc25 Phosphatases	1
CDC25B	1
CDH11	1
CDK10	1
CDK11A	1
CDK19	1
CDK2-Associated Protein 1	1
CDK8	1
CDR2	1
CDT1	1
CEACAM19	1
CENPE	1
CENPV	1
Central Nervous System Agents	1
centromere protein F	1
cepharanthine	1
Cerebellar Diseases	1
CERNA3	1
CERS6	1
Cerulenin	1
CFC1	1
CFI	1
CFLAR	1
CGP 41251	1
CGS 18320B	1
CHD1L	1
chelidonine	1
Chemokine (C-C Motif) Ligand 4	1
chemotactic factor inactivator	1
CHEST PATHOLOGY	1
Chinese Herbs	1
Chlorpropamide	1
CHMP2A	1
cholecystokinin	1
Chondroitin Sulfate Proteoglycan	1
Chondroitin Sulfate Proteoglycan 4	1
"Chorionic Gonadotropin, beta Subunit"	1
chromatin protein	1
chromic acid	1
Chronic lung disease	1
Chronic viral hepatitis	1
chrysoeriol	1
CI-628	1
CIL 102	1
Cinnamates	1
cinnamic acid	1
ciprofloxacin	1
Citrate	1
citrus pectin	1
cladribine	1
CLDN7	1
clomiphene	1
CNN1	1
codeine	1
Colitis	1
Collagen Type XVIII	1
colon (non-specific) lesion	1
Comatose	1
combretastatin	1
Communicable Diseases	1
CONOTRUNCAL ANOMALY FACE SYNDROME	1
cordycepin	1
corilagin	1
Corneal deposit	1
CORO1B	1
Cortical Dysplasia	1
cortisone	1
cortistatin	1
costunolide	1
Coumestrol	1
COUP Transcription Factors	1
COX5A	1
COX7A2L	1
COX8A	1
"CP-724,714"	1
CPG-oligonucleotide	1
CPNE3	1
CPOX	1
Creatine Kinase	1
cremophor EL	1
crocetin	1
CRYGC	1
CRYGEP	1
CSF1	1
CSNK1A1	1
CSNK1A1L	1
CST6	1
CTD	1
CTNNBIP1	1
CTR9	1
CTSK	1
cucurbitacin E	1
CUEDC1	1
CUL3	1
CUL4B	1
cullin-3	1
CVS-3983	1
CXCR2	1
cyazofamid	1
Cyclic GMP-Dependent Protein Kinases	1
Cyclin-Dependent Kinase 10	1
cyclin-dependent kinase 3	1
cyclin-dependent kinase 6	1
cyclohexane hydroxylase	1
cyclopamine	1
cyclophilin D	1
CYP11B1	1
CYP26A1	1
CYP27B1	1
CYP2A6	1
CYP2C8	1
CYP4Z1	1
cysteine rich protein	1
cystine	1
Cytidine Deaminase	1
cytochrome C oxidase subunit II	1
Cytomegalovirus Infections	1
cytoplasmic linker protein 170	1
CYTOR	1
Cytosine deaminase	1
Cytoskeletal Proteins	1
D4-GDI	1
DAAM1	1
DAB2	1
DAB2IP	1
daclatasvir	1
daclizumab	1
DANCR	1
daniplestim	1
DAPK1	1
DAPK3	1
darbepoetin alfa	1
dasatinib	1
DCTN1	1
DDAH1	1
DDI2	1
death-associated protein kinase 2	1
DEBIO-025	1
decitabine	1
DEDD	1
DEFA1	1
DEFB1	1
defibrotide	1
Deficiency of testosterone biosynthesis	1
Deglutition Disorders	1
dehydroxymethylepoxyquinomicin	1
DELIVER	1
deoxynucleotide 3'-phosphatase	1
Depo-Provera	1
desmethylicaritin	1
Desmin	1
desoxycorticosterone	1
detorubicin	1
detox adjuvant	1
Deubiquitinating Enzymes	1
dexrazoxane	1
DFFA	1
Diabetic Retinopathy	1
DIABLO	1
diallyl disulfide	1
diallyl trisulfide	1
Diamines	1
diazene	1
diazepam	1
didanosine	1
dienogest	1
digoxin	1
dihydroartemisinin	1
Dihydropyridines	1
Dihydroxycholecalciferols	1
diketone	1
dimethyldioxirane	1
dinoprostone	1
DIO2	1
Dipeptidyl-Peptidase IV	1
diptoindonesin G	1
Disabled Homolog 2 Protein	1
discoidin receptor	1
Disorder of artery	1
Disorder of endocrine ovary	1
Disorder of soft tissue	1
Disorder of the genitourinary system	1
Disorder of vein	1
Diterpenes	1
Diuretics	1
DKK1	1
DLK1	1
DNA Nucleotidylexotransferase	1
DNA Polymerase I	1
DNA repair protein	1
DNA Replication Factor	1
DNA Replication Licensing Factor MCM7	1
DNA topoisomerase II binding protein	1
DNA-(apurinic or apyrimidinic site) lyase	1
DNA-dependent protein kinase	1
DNAJB1	1
DNAJB1P1	1
DNAJC15	1
DNASE1	1
DNASE1L2	1
DNPH1	1
Dopamine Agonists	1
dopamine transporter	1
DOT1L	1
DPP3	1
DPP4	1
Droperidol	1
drospirenone	1
duloxetine	1
durapatite	1
Duration	1
durvalumab	1
DUSP2	1
DUSP5	1
DVL2	1
DVL3	1
E2F transcription factors	1
E2F5	1
E39	1
E7820	1
Early Growth Response Protein 1	1
EBF3	1
EBNA1BP2	1
EGLN2	1
EGOT	1
EGR3	1
EIF2C2	1
EIF3E	1
EIF3K	1
EIF3S6	1
Elastases	1
elemene	1
ELF2	1
elk-1 protein	1
ELMO1	1
Elongation Factor 1-Alpha 2	1
EM 800	1
embryonic antigen	1
Emetics	1
Emodin	1
Encephalopathies	1
Endo180	1
Endoglin	1
Endosulfan	1
Endothelin receptor antagonist	1
ENG	1
enoxacin	1
ENPP2	1
entecavir	1
ENY2	1
EO 9	1
EPB41L5	1
EPCAM	1
EPHA5	1
EPHB6	1
epidoxorubicin glucuronide	1
Epidural Abscess	1
"Epilepsy, Temporal Lobe"	1
epitheliasin	1
epoetin beta	1
epostane	1
Epothilones	1
Epoxide hydrolase	1
erbB1 Genes	1
ERBB3 wt Allele	1
ERbetacx	1
Erectile dysfunction	1
ERVK-15	1
Erysipelas	1
Erythrocytosis	1
ESAM	1
ESRP1	1
estradiol 3-benzoate	1
estradiol-bovine serum albumin	1
estradiol-norethindrone	1
Estrogen Receptor Inhibitor [EPC]	1
estrone-3-methylthiophosphonate	1
estrone-3-O-sulfamate	1
ethacrynic acid	1
Ethanolamines	1
ethyl ether	1
ETV7	1
eugenol	1
eupatorin	1
EXOC7	1
Experimental drug	1
Expression Quantitative Trait Locus	1
extracellular matrix receptor	1
Extravasation of lymph	1
Exudative age-related macular degeneration	1
ezogabine	1
EZR	1
F 11782	1
F10	1
F2RL1	1
F9	1
Fab Immunoglobulins	1
FABP4	1
factor A	1
factor X	1
Factor Xa	1
FAM171A1	1
FANCA	1
FANCC	1
FANCE	1
FANCF	1
FANCG	1
FANCL	1
FATE1	1
Fatty Acids	1
FBLN5	1
FBXL14	1
FBXL7	1
FBXO10	1
FBXO45	1
FBXW2	1
Fc gamma receptor IIB	1
fenofibrate	1
fenvalerate	1
Ferritin	1
Ferritin Heavy Chain	1
ferrocene	1
Fertility Agents	1
ferulic acid	1
FGF1	1
Fibrin Tissue Adhesive	1
fibrinolysis inhibitor	1
Fibrinolytic Agents	1
fibroblast activation protein alpha	1
Fibroins	1
FIG4	1
Filamins	1
FIS1	1
FKBPL	1
Flap necrosis	1
Flavins	1
Flavonols	1
florfenicol	1
FLOT2	1
FLT1	1
fluconazole	1
Fluimucil	1
Fluorodeoxyuridylate	1
flurbiprofen axetil	1
FOXH1	1
FOXK1	1
FOXL2	1
FOXP4	1
Free estradiol	1
fruit extracts	1
furosemide	1
fusarin C	1
FZD7	1
G6PC	1
GABARAP	1
GACAT1	1
Galactocele	1
Galactose Binding Lectin	1
GALACTOSYLGALACTOSYLGLUCOSYLCERAMIDASE	1
galangin	1
Gall Bladder Diseases	1
Gamma globulin serum	1
Gastric cell hyperplasia	1
GATA Transcription Factors	1
GATA2	1
GATA4	1
GATA5	1
GELATIN MATRIX	1
Gelsolin	1
Gene Clusters	1
"Genes, abl"	1
"Genes, Recessive"	1
"Genes, Regulator"	1
genipin	1
"Genome, Mitochondrial"	1
gentian violet	1
geraniol	1
germacrone	1
Gestational Diabetes	1
GF 109203X	1
GFPT1	1
GFPT2	1
"ghrelin, des-n-octanoyl"	1
GHRH	1
gigantol	1
GINS2	1
ginseng root	1
ginsenoside M1	1
GIPC1	1
GIT1	1
glaucine	1
Glial Cell Line-Derived Neurotrophic Factor	1
GLIS1	1
GLO1	1
glucose oxidase	1
Glutamate Dehydrogenase	1
Glutaminase	1
glutathione disulfide	1
glutathione S-transferase alpha	1
Glutathione Transferase P1-1	1
glyceollin	1
glycine	1
Glycine dehydrogenase (decarboxylating)	1
glycitein	1
glycolipid receptor	1
glycyl-arginyl-glycyl-aspartyl-serine	1
glycyrrhizic acid	1
GNAQ	1
Gold Colloid	1
GPC3	1
GPER	1
GPLD1	1
GPR19	1
GPR39	1
grape seed	1
GRAPE SKIN EXTRACT	1
graphene oxide	1
GRB14	1
Green Fluorescent Proteins	1
GRHL3	1
grifolin	1
GRK1	1
GRK4	1
Grover's disease	1
Growth Factor	1
growth promoting activity	1
GRPR	1
GSN	1
GSTK1	1
GTF3A	1
Guanosine 5'-O-(3-Thiotriphosphate)	1
H 1285	1
HADHB	1
halide	1
halofuginone	1
HAND2-AS1	1
Haptoglobins	1
harmol sulfate	1
Hashimoto Disease	1
HAX1	1
HDAC7	1
HDAC8	1
HDGF	1
heat-shock protein 70.1	1
HECTD1	1
Hemolytic-Uremic Syndrome	1
Hemorrhagic cystitis	1
Henoch-Schoenlein Purpura	1
heparin	1
Heparin Binding Growth Factor	1
Hepatic impairment	1
Hepatitis	1
Hepatitis C	1
HEPH	1
HER-2 protein	1
herpes simplex thymidine kinase	1
Herpes zoster disease	1
HES1	1
Heterocyclic Amines	1
Heterogeneous-Nuclear Ribonucleoprotein D	1
hexamethylene bisacetamide	1
Hexestrol	1
HIC1	1
hispolon	1
HIST1H1B	1
histone deacetylase 2	1
Histone H3 Lysine 27	1
HIV Protease Inhibitors	1
HKDC1	1
HKI272	1
"HLA Class I Histocompatibility Antigen, A-2 Alpha Chain"	1
HLA-DRB1	1
HLA-G	1
HMGB3	1
HMS	1
Homeodomain Proteins	1
Homoarginine	1
hormone deficiency	1
HOTAIRM1	1
HOTTIP	1
HOXA-AS2	1
HOXB5	1
HOXC@	1
HOXD1	1
HP	1
HPGD	1
HPR	1
Human	1
human breast milk	1
human calcitonin	1
Human Glandular Kallikrein 2	1
Human papillomavirus antibody	1
Hyaluronan Synthase 2	1
hyaluronidase	1
Hydrocarbons	1
Hydrocele of testis	1
Hydrocephalus	1
hydrogel film	1
Hydroxyestrones	1
hydroxyflutamide	1
hydroxytyrosol	1
Hyperandrogenism	1
hyperbaric oxygen	1
Hypercholesterolemia	1
Hyperestrogenism	1
"Hyperostosis, Diffuse Idiopathic Skeletal"	1
Hyperparathyroidism	1
HYPERTHYROID	1
Hypertrophy of Breast	1
Hypocortisolism secondary to another disorder	1
Hypocupremia	1
Hypoglycemic Agents	1
Hypotonic Solutions	1
IBSP	1
icaritin	1
idarubicin	1
IDO2	1
IFIT3	1
IFNGR1	1
IGF2BP2	1
IGFBP1	1
IGFBP4	1
IGHD2-15	1
IGKJ2	1
IGLJ2	1
IkappaB kinase	1
IkappaB Kinase beta	1
IKZF2	1
IL10	1
IL11	1
IL17	1
IL17A	1
IL17RD	1
IL1B wt Allele	1
IL2RA	1
IL4	1
IL9	1
IMC C225	1
imiquimod	1
Immune complex	1
Immune Globulin (Human)	1
Immune Stimulants	1
Immunoglobulin Fc Fragments	1
Immunoglobulin IgG4	1
Immunoglobulins	1
Immunosuppressive Agents	1
Inappropriate ADH Syndrome	1
infection as a complication	1
Insulin-Like Growth Factor Binding Protein 4	1
Insulin-Like Growth Factor Binding Protein 6	1
"Insulin, Long-Acting"	1
Integrin alpha5	1
Integrin alpha5beta1	1
Integrin beta Chains	1
interferon alfa-2a	1
Interferon Type I	1
"Interleukin 2 Receptor, Alpha"	1
Interleukin-24	1
interleukin-5	1
interleukin-9	1
Intestinal Perforation	1
Iodide Peroxidase	1
ipriflavone	1
iproplatin	1
IQSEC1	1
IRL 1620	1
iron	1
Iron Overload	1
Iron-Binding Proteins	1
ISG20	1
isobavachalcone	1
Isocitrate Dehydrogenase (NAD+)	1
Isoprenoids	1
ITGB3	1
ITPR1	1
JAK1	1
JMJD1C	1
juglone	1
karinat	1
karyopherin alpha 2	1
KAT2A	1
kaurenoic acid	1
KCNN1	1
KCNN3	1
KDM5C	1
Keratopathy	1
ketamine	1
Keto Acids	1
Ketones	1
Ki antigen	1
Ki-67 Antigen	1
Kidney Diseases	1
Kidney Failure	1
"Kidney Failure, Acute"	1
KIF17	1
KIF1A	1
KIF20A	1
KIF5A	1
KIFC3	1
KISS1R	1
KLF6	1
KLK10	1
KLK12	1
KLK5	1
KLK9	1
KNL1	1
KP1019	1
KRT1	1
KRT3	1
Kruppel-Like Transcription Factors	1
KTWS	1
Kynurenine 3-monooxygenase	1
Lactates	1
Lactoylglutathione Lyase	1
Laetrile	1
LAMA4	1
Laminin Receptor-1	1
lamotrigine	1
LANCL1	1
lanthanum trifluoride	1
lapachol	1
LARP7	1
LCL161	1
lecithin-retinol acyltransferase	1
LEF1	1
Left Bundle-Branch Block	1
Leishmaniasis	1
"Leishmaniasis, Visceral"	1
Lesion of brain	1
lestaurtinib	1
leuprolide	1
levothyroxine	1
LGALS1	1
LGALS3BP	1
LGI1	1
LHX1	1
lidocaine	1
LIG4	1
LILRB1	1
LIM Domain Kinase 1	1
LIMK1	1
LIMK2	1
LIMS1	1
LINC00461	1
LINC00472	1
LINC01123	1
LINC01139	1
LINC01194	1
LINC01638	1
LINC02273	1
Lipase inhibitor	1
lipid II	1
LIPOPROTEIN LIPASE	1
Liposomal Curcumin	1
Liver diseases	1
LIVER FRACTION	1
lobaplatin	1
LOC102723407	1
LOC106007493	1
LOC645166	1
Long-Acting Thyroid Stimulator	1
loperamide	1
Lower urinary tract infectious disease	1
LPL	1
LRP8	1
LSINCT5	1
"Luciferases, Renilla"	1
Lung diseases	1
Lupus Coagulation Inhibitor	1
"Lupus Erythematosus, Cutaneous"	1
"Lupus Erythematosus, Systemic"	1
LY 475776	1
LY-156758	1
LY335979	1
Lyase	1
Lymphocytotoxic Antibodies	1
lymphoid enhancer-binding factor 1	1
Lynestrenol	1
lysine tyrosylquinone	1
LZTS1	1
M NOS	1
macelignan	1
MACF1	1
machilin D	1
Macular degeneration	1
MAGEC2	1
Malaria	1
malondialdehyde	1
malvidin-3-O-glucoside-4 vinyl	1
mangostin	1
MAP Kinase Gene	1
MAP Kinase Kinase Kinase 1	1
MAP2K6	1
MAP3K12	1
MAP3K14	1
MAP3K8	1
marimastat	1
MARS	1
MCF2	1
MDX-H210	1
mecarzole	1
MECP2	1
MED12	1
MED13	1
Medrogestone	1
megestrol	1
MEMO1	1
menthol	1
mercaptopurine	1
mesotrione	1
messenger protein	1
MET	1
Metabolic Diseases	1
metabolic disturbance	1
Metastasis Suppressor Genes	1
Methemoglobinemia	1
methenamine	1
methionyl aminopeptidase	1
Methyl Group	1
methyl tryptophan	1
Methyl-CpG-Binding Protein 2	1
METTL3	1
MIB2	1
mibolerone	1
mica	1
miconazole	1
Microbicides	1
Microsomal Epoxide Hydrolase	1
Microtubule-Associated Proteins	1
Microtubule-Associated Proteins 1A/1B Light Chain 3-II	1
MID1	1
MID2	1
midkine	1
midostaurin	1
Migraine Disorders	1
Minerals	1
MIR100	1
MIR106B	1
MIR1281	1
MIR1297	1
MIR137	1
MIR140	1
MIR145	1
MIR200B	1
MIR206 wt Allele	1
MIR210	1
MIR214	1
MIR22 wt Allele	1
MIR224	1
MIR27A	1
MIR27B	1
MIR34C	1
MIR372	1
MIR381	1
MIR4500	1
MIR454	1
MIR625	1
MIR875	1
MIRN100	1
MIRN214	1
MIRN224	1
Mitogen-Activated Protein Kinase Kinase Inhibitor	1
Mitomycins	1
MLIP	1
MLN4924	1
MMP11	1
MMRN1	1
MNAT1	1
MNS16A	1
mometasone furoate	1
mono-(2-ethylhexyl)phthalate	1
monoamine	1
Monoamine Oxidase	1
monobutyl phthalate	1
MORC4	1
MORF4L1	1
morin	1
morphine	1
mortalin	1
MPG	1
MPO	1
MRC2	1
MRE11	1
MROS	1
MRPS7	1
MRSA - Methicillin resistant Staphylococcus aureus infection	1
MSMP	1
MSN	1
MSRB2	1
MSX2	1
MTAP	1
MTHFR	1
MTNR1B	1
MTSS1	1
MUC17	1
MUC3A	1
MUC3B	1
Multiple lipomata	1
Multiprotein Complexes	1
MUS81	1
Muscarinic Acetylcholine Receptor	1
Muscarinic Antagonists	1
Musculoskeletal Diseases	1
MXI1	1
Myasthenia Gravis	1
MYL4	1
myo-inositol-1 (or 4)-monophosphatase	1
Myocarditis	1
Myosin Type II	1
"Myosin-Binding Protein C, Cardiac-Type"	1
myricitrin	1
N NOS	1
N-3 fatty acid supplementation	1
N-acetylaminoglutethimide	1
N-acetyltransferase 1	1
N-formyl-13-dihydrocarminomycin	1
N-Methyl-D-Aspartate Receptors	1
"N,N-dimethylarginine"	1
"N',N''-diacetylspermine"	1
"N(1),N(11)-diethylnorspermine"	1
NAB2	1
NADPH Oxidase 1	1
NANOS1	1
NAP1L1	1
Natriuretic Peptides	1
NBR2	1
NCAM1	1
NCEH1	1
NCK1	1
NCOA1	1
NCOA6	1
NCSTN	1
NDRG2	1
neferine	1
Neomycin resistance	1
Neonatal myasthenia	1
neratinib	1
NES	1
Neural Cell Adhesion Molecules	1
Neuraminidase	1
Neurodegenerative Disorders	1
neuroglobin	1
Neuron-Specific Enolase	1
NEURONAL NUCLEAR TYPE 2 ANTIBODY	1
Neuroprotective Agents	1
Neutropenic sepsis	1
NFE2L1	1
NGB	1
niclosamide	1
Nicotinamide-Nucleotide Adenylyltransferase	1
Nicotinic Receptors	1
nifedipine	1
Nik related kinase	1
nitroglycerin	1
nitrous oxide	1
NKRF	1
NLN	1
NLRP1	1
nobiletin	1
nonylphenol	1
norethindrone acetate	1
norlevorphanol	1
Normal saline	1
Norplant	1
NOS1	1
NOTCH4	1
NovoSeven	1
NPM1	1
NR1D1	1
NR4A2	1
NRP1	1
NRP2	1
NTS	1
Nuclear Factor 90 Protein	1
Nuclear Factor I-C	1
nuclear factor Y	1
Nuclear LIM Interactor-Interacting Factor 2	1
Nuclear Matrix-Associated Proteins	1
nucleophosmin	1
Nucleoside Analogs	1
NUDT1	1
NUDT2	1
Nutraceuticals	1
NVP-AEW541	1
OATP1	1
octylphenol	1
ODC1	1
OK-432	1
Oleates	1
oleic acid	1
oleuropein	1
Oligohydramnios	1
"Oncogene, HST"	1
oncoprotein p21	1
OPA1	1
OPCML	1
Oprelvekin	1
OPTN	1
ORAI3	1
ORF74 protein herpesvirus 8	1
Organic Cation Transporter 1	1
orientin	1
orlistat	1
oseltamivir phosphate	1
Ospemifene	1
Osteomalacia	1
OTUB1	1
OTUD7B	1
Ovarian Insufficiency	1
Overactive Bladder	1
ovine sialomucin	1
OVOL2	1
Oxidases	1
P-2	1
P-glycoprotein 2	1
pachymic acid	1
PADI1	1
PADI4	1
paeonol	1
PAGR1	1
PAK2	1
palytoxin	1
pamiparib	1
pancolitis	1
panitumumab	1
PAOX	1
PAPSS1	1
Parabens	1
Paraoxonase-2	1
Parathion	1
parathyroid hormone	1
PARK2	1
Parkinsonian Disorders	1
PARN	1
PARP9	1
patuletin	1
PAX9	1
PCYT1A	1
PDE4A	1
PDGFA	1
PDGFB	1
PDZ-binding kinase	1
PDZK1	1
Pelvic Infection	1
penicillamine	1
Pentachlorophenol	1
pentetic acid	1
peptide hormone	1
peptide O-linked N-acetylglucosamine-beta-N-acetylglucosaminidase	1
perfluorooctanoic acid	1
Periodontal Diseases	1
Peripheral neuropathy due to and following antineoplastic therapy	1
Peroxidases	1
Pesticide Residues	1
PFKFB3	1
PFKP	1
PGP	1
PHA 665752	1
PHB	1
PHEMX	1
phenazopyridine	1
phenethylamine	1
phenol	1
Phenyl ether	1
phenylalanine	1
phenytoin	1
Phlebosclerosis	1
Phlegmasia cerulea dolens	1
phloretin	1
PHLPP1	1
Phosphatidylethanolamine Binding Protein	1
phospholemman	1
Phospholipase C gamma 1	1
phospholipase D2	1
Photofrin	1
Phototoxicity	1
PICK1	1
PIF1	1
PIK3C3	1
PIK3CB wt Allele	1
PIK3IP1	1
pilocarpine	1
pioglitazone	1
PITX2	1
PIWIL3	1
PIWIL4	1
pixantrone	1
PKM	1
PKN2	1
PLA2G4A	1
PLACENTA EXTRACT	1
plakoglobin	1
Plasma membrane protein	1
Plasma Proteins	1
Plasminogen Inactivators	1
platelet-derived growth factor BB	1
Platelet-Derived Growth Factor beta Receptor	1
PLCB2	1
PLEKHG6	1
PLSCR1	1
PNCK	1
Pneumocystis jiroveci pneumonia	1
PNO1	1
podocalyxin	1
Poisons	1
polyacrylamide gels	1
polyamine oxidase	1
Polycystic Kidney Diseases	1
polydatin	1
polyglutamate	1
polyglutamates	1
polylactic acid-polyglycolic acid copolymer	1
Polyneuropathy	1
polyphenon E	1
polysorbate 80	1
PON1	1
Portal Hypertension	1
Positive Transcriptional Elongation Factor B	1
postmenopausal syndrome	1
Postpoliomyelitis Syndrome	1
PPP1R10	1
PPP1R26	1
PPP3CA	1
PPP5C	1
PPT1	1
pravastatin	1
PRDX6	1
prednisolone	1
Pregnancy Complications	1
Premarin	1
preprotachykinin	1
PRG1	1
PRICKLE1	1
Primary ovarian failure	1
PRKCB	1
PRKCZ	1
PRKN	1
PRMT5	1
PRMT6	1
Proanthocyanidins	1
Procaspase-3	1
Promegestone	1
proneurotensin	1
propranolol	1
propylpyrazole triol	1
prostaglandin E synthase	1
Prostatic Diseases	1
Protac	1
protamine sulfate (USP)	1
protein B	1
Protein Disulfide-Isomerases	1
Protein Kinase C beta	1
protein kinase C eta	1
protein kinase C mu	1
Protein Kinase C-epsilon	1
protein kinase inhibitor	1
protein phosphatase 5	1
"protein tyrosine phosphatase, non-receptor type 1"	1
Protein-methionine-S-oxide reductase	1
Proteinuria	1
Proteome	1
Proto-Oncogene c-Fos	1
proto-oncogene protein Spi-1	1
Proto-Oncogene Proteins c-sis	1
proto-oncogene proteins pim	1
Proximal myopathy	1
PRPF4B	1
PRRX1	1
PRSS23	1
PRTN3	1
PSC	1
PSMA1	1
PSMD10	1
PSMD11	1
PSMD14	1
PSMD7	1
PSME1	1
PSMG1	1
Psoas Abscess	1
psoralidin	1
PSORS1C2	1
PT 523	1
PTCH1	1
pterostilbene	1
PTGES	1
PTPRG	1
Pulmonary cryptococcosis	1
Pulmonary Thromboembolisms	1
purine	1
Purinoceptor	1
purpurin 18	1
PVR	1
PX-478	1
pyridinoline	1
pyrogallol	1
pyrrolidino-4-iodotamoxifen	1
pyruvaldehyde	1
pyruvate dehydrogenase kinase 4	1
Pyruvates	1
quinacrine	1
Quinestrol	1
quinine	1
quinovic acid	1
R116010	1
RAB11B	1
RAB25	1
RAB27A	1
RAB27B	1
RAB40B	1
RABEPK	1
RABGAP1	1
RAC3	1
RAD23A	1
RAD52	1
RAD9A	1
Radioactive Iodine	1
Radiopharmaceuticals	1
raltitrexed	1
RANBP9	1
RanBPM	1
ranibizumab	1
ranpirnase	1
"RAS Homolog Gene Family, Member I Protein"	1
RASSF2	1
RBPJ	1
rebamipide	1
"Receptor, Endothelin A"	1
"Receptor, Melatonin, MT2"	1
"Receptor, Notch1"	1
"Receptor, Transforming Growth Factor-beta Type I"	1
"Receptors, Cytoplasmic"	1
"Receptors, Immunologic"	1
"Receptors, Notch"	1
"Receptors, Virus"	1
Recombinant Erythropoietin	1
recombinant FVIIa	1
Recombinant Granulocyte Colony Stimulating Factor	1
recombinant human thrombopoietin	1
REL	1
Relaxin	1
Renal fibrosis	1
Replication Protein C	1
REST protein	1
Retinal Degeneration	1
Retinaldehyde	1
retinoic acid 4-hydroxylase	1
"retinoic acid binding protein II, cellular"	1
Retinoic Acid Receptor	1
Retinoic Acid Response Element	1
Retinoid Receptor	1
Retinoid X Receptor gamma	1
Retinol Binding Proteins	1
reverse transcriptase immunodeficiency virus 1	1
RFC1	1
RFX5	1
RGN	1
RGS19	1
RGS6	1
RHAG	1
RHBDF2	1
Rho Guanine Nucleotide Exchange Factor 5	1
rho guanine nucleotide exchange factor p115	1
RHOG	1
RHOK	1
RHOU	1
"Ribosomal Protein S6 Kinases, 90-kDa"	1
rice bran	1
Ricin	1
RIF1	1
rimcazole	1
risedronate	1
rituximab	1
RLIM	1
RLN1	1
RNA library	1
RNase L	1
RNASEL	1
RNF115	1
RNF123	1
RNF2	1
RNF2 wt Allele	1
RNF208	1
RNU1-1	1
ROCK-II	1
ROCK2	1
romidepsin	1
ropivacaine	1
RPL3	1
RPN2	1
RPS14	1
RPS9	1
RPTOR	1
RSU1	1
RTCB	1
RU 58668	1
rubitecan	1
rutin	1
S100 Proteins	1
S100A16	1
S100A3	1
SAA@	1
SAA1	1
Salpingitis	1
SAMD11	1
sargramostim	1
SART3	1
SAV1	1
Scaffold protein	1
SCAI	1
schizandrin A	1
SCIN	1
scinderin	1
Sclerosing agent	1
SCN3A	1
SCT	1
SCTR	1
SCUBE2	1
secoisolariciresinol	1
secoisolariciresinol diglucoside	1
selenite	1
Selenoproteins	1
SENP1	1
separase	1
sepiapterin	1
Septicemia	1
serine palmitoyltransferase	1
serine-threonine kinase receptor-associated protein	1
Sermorelin	1
Serotonin 5-HT-3 Receptor	1
Serum Albumin	1
Serum Proteins	1
Serum Response Factor	1
Sesquiterpenes	1
SETD6	1
Severe hypothyroidism	1
SH3RF3	1
sharpin	1
Shiva-1	1
SHLD2	1
SHOC2	1
sigma-2 receptor	1
SIK2	1
silicon dioxide	1
Silicosis	1
sirolimus	1
Sirtuins	1
SIVA1	1
SKI606	1
Skin flap necrosis	1
skin-derived antileukoproteinase	1
SLC12A6	1
SLC12A7	1
SLC17A5	1
SLC19A2	1
SLC19A3	1
SLC22A5	1
SLC25A21	1
SLC27A1	1
SLC2A2	1
SLC39A6	1
SLC39A7	1
SLC4A1	1
SLC4A7	1
SLC52A1	1
SLC7A1	1
SLC7A10	1
SLCO1A2	1
SLCO6A1	1
SLX4	1
Smad Proteins	1
Small Inducible Cytokine A3	1
Small vessel vasculitis	1
Smoke	1
SMS 201-995	1
SNAI1P1	1
SNHG1	1
SNHG15	1
SNS-032	1
SNTA1	1
SOCS1	1
SOD1	1
sodium metaperiodate	1
sodium molybdate(VI)	1
sodium salts	1
sodium selenite	1
sodium-hydrogen exchanger 2	1
somatostatin receptor 2	1
Somavert	1
sorcin	1
SOX11	1
SOX17	1
SP4	1
SPAG8	1
Specific Substance of Maruyama	1
SPEN	1
Sphingolipids	1
SPHINGOMYELINASE	1
sphingosine-1-phosphate lyase	1
SPI1	1
SPNS1	1
Spondylitis	1
SPRED1	1
SPSB1	1
SRI	1
SRMS	1
SRSF1	1
SSR3	1
SSTR2	1
SSTR5	1
St. John's wort extract	1
ST8SIA1	1
STAMBP	1
stanniocalcin 2	1
stanozolol	1
STAR	1
Status Epilepticus	1
Steroid 17-alpha-Hydroxylase	1
Steroidal Aromatase Inhibitor	1
Steroidal Estrogen	1
Steroids	1
Stiff-Person Syndrome	1
STIP1	1
STK24	1
STK3	1
STMN4	1
STN	1
STX12	1
Succinate Dehydrogenase	1
Succinates	1
sulconazole	1
"Sulfates, Inorganic"	1
Sulfonylurea Compounds	1
sulfonylurea receptor	1
sulindac sulfide	1
SUMO-1 Protein	1
SUMO1	1
Superinfection	1
superoxide dismutase 2	1
SUSD3	1
SVEP1	1
SYF2	1
synaptotagmin I	1
syndecan	1
"Synovitis, Acne, Pustulosis, Hyperostosis, and Osteitis Syndrome"	1
Synthetic glucocorticoid	1
Synucleins	1
tacrolimus	1
TADA3	1
Talin	1
Tangier Disease	1
TANK-binding kinase 1	1
Tankyrase	1
TAP-144	1
Tarceva	1
TAS 103	1
TAS2R38	1
TAT	1
TAT 59	1
tat Genes	1
TATA-Box Binding Protein	1
taurine	1
TBC1D3	1
TBL1XR1	1
TBX22	1
TCF20	1
TCF21	1
TCIM	1
TCN1	1
technetium Tc 99m sestamibi	1
TEK	1
telaprevir	1
telmisartan	1
Terminal Ileitis	1
Testosterone 5-alpha-Reductase	1
tetraiodothyroacetic acid	1
tetranectin	1
tetrathiomolybdate	1
TEX46	1
TFCP2	1
TGFB2	1
TGFBR2	1
TH	1
THBS1	1
theanaphthoquinone	1
thiamine	1
Thiazoles	1
thiocolchicoside	1
thiocoraline	1
Thiones (chemical)	1
thioredoxin peroxidase	1
thiosemicarbazide	1
Threatened abortion	1
threatened labor	1
Thrombophilia	1
Thrombophlebitis of breast	1
Thrombospondins	1
thymol	1
thymosin beta(4)	1
Thyroid Diseases	1
thyroid transcription factor 1	1
Thyroxine-Binding Globulin	1
Tiapride	1
TIMELESS	1
TIN COLLOID	1
TINCR	1
Tissue Kallikrein	1
TJP1	1
TLE5	1
TLK 286	1
TLR2	1
TMEM54	1
TMEM98	1
TNF receptor-associated factor 1	1
TNFSF13B	1
TNK2	1
"tocotrienol, delta"	1
Toll-Like Receptor 5	1
TOLLIP	1
topsentin	1
Tosylphenylalanyl Chloromethyl Ketone	1
Toxic Epidermal Necrolysis	1
Toxic multinodular goiter	1
Toxic nephropathy	1
Toxic Optic Neuropathy	1
TPD52	1
TPD52L2	1
TRA2A	1
TRAF1	1
tramadol	1
Transcortin	1
Transcription Factor 7-Like 2	1
Transcription Factor CHOP	1
Transferrin Receptor	1
Transmembrane Protein Gene	1
traumatic acid	1
trefoil factor	1
TREM2	1
tremelimumab	1
TRGJ2	1
tri-o-cresyl phosphate	1
TRIB3	1
tributyltin	1
Trichomonas Vaginitis	1
tricin	1
Triethylenephosphoramide	1
trifluoperazine	1
trigonelline	1
trioxifene	1
TRIP4	1
triphosphate	1
TRPM2	1
TSL	1
TSPAN32	1
TUBA1A	1
TUBA1C	1
TUBGCP2	1
Tubulin Binding Agent	1
TUFM	1
TUFT1	1
tumor autocrine motility factor receptor	1
Tumor Lysis Syndrome	1
Tumor Necrosis Factor Receptor	1
Tumor Necrosis Factor-Beta	1
tumor protein D52	1
tumor-associated antigen 72	1
Tumour flare	1
Tyrosine 3-Monooxygenase	1
UBE2C	1
UBE3A	1
ubiquitin carrier proteins	1
ubiquitin isopeptidase	1
Ubiquitin Specific Protease 8	1
Ubiquitin-Activating Enzymes	1
UCHL1	1
UCP2	1
UGT1A	1
UGT1A4	1
UGT1A8	1
UHRF1BP1	1
ULK1	1
UMPS	1
Urachal cancer	1
Urease	1
urethane	1
Uridine Diphosphate Glucose Dehydrogenase	1
usnic acid	1
USP17L2	1
USP2	1
USP28	1
USP7	1
USP8	1
Uveomeningoencephalitic Syndrome	1
v-src protein	1
Vaccinia virus vaccine	1
valganciclovir	1
valspodar	1
Vascular Diseases	1
Vascular Endothelial Growth Factor D	1
Vasculitis	1
Vasculitis of the skin	1
VASH2	1
VASP	1
VAV3	1
VCL	1
Velcade	1
venlafaxine	1
Venoocclusive disease	1
Vinculin	1
vinyltriethoxysilane	1
Vioxx	1
vitamin B6	1
Vitamin D Deficiency	1
vitamin E	1
vitamin K3	1
Vitiligo	1
voltage gated calcium channel	1
Voltage-Dependent Anion Channels	1
von Willebrand factor	1
VPS45	1
VTN	1
VX 710	1
Wasting	1
WBP2	1
wedelolactone	1
Wernicke Encephalopathy	1
WFDC2	1
whey protein	1
WHSC1	1
WIPF1	1
WITHANIA SOMNIFERA	1
WNT16	1
WNT4	1
WNT9B	1
X-Linked Inhibitor of Apoptosis Protein	1
XAB2	1
Xanthones	1
XCT790	1
XPO6	1
XRCC2	1
XRCC5	1
XYLT2	1
YPEL3	1
ZBTB1	1
ZD4054	1
Zearalenone	1
zeranol	1
zerumbone	1
ZFP36L2	1
zinc transporter	1
ZK 222584	1
ZM 182780	1
ZM323881	1
Zn(II)-phthalocyanine	1
ZNF649-AS1	1
zoledronate	1
Zuclomiphene	1