FRA1M,GCNT1,HS3ST4,REN
PPCS,TRR-CCT7-1,PIRC46,ZFPM2-AS1
EXOC2,HOXC13-AS,FANCF,TMEM98
LINC01416,WNK2,ARCN1,IL21R-AS1
ASCL3,FAM221B,ZNF345,TRUND-NNN1-1
COL1AR,ZNF385D-AS1,COL11A2,CD27
THRB-IT1,TSHZ2,CSDC2,ABCF2
SNORD11B,MFAP2,TRIM65,KRTAP9-3
VEGFA,HCCAT5,TULP3,GMPPB
EHMT1,TEX43,TMED10,NAP1L4
SMIM7,TTC21B-AS1,KPNA7,IGKV3-11
TNP2,TRPT1,ZNF566,PRDM9
HSP90AB1,C2orf76,SNORA2C,SNORD167
LITAF,LYPLA1,LHFPL5,ADAMTSL3
PLA2G15,CRB2,PPP1R14A,LINC00397
ZNF131,MAP6D1,ADH1B,IGHV3-74
SNORD113-7,NKX6-1,HHIPL1,ADGRF3
BPIFA1,SNRPD1,ZNF232,NPY1R
AGO3,XCL2,LHX8,FABP4
PHYHIP,TFB2M,POGK,SNORA98
LRRC66,TCN1,MAPK13,USP6NL
SNX2,CCDC58,ARHGAP24,NMBR
AGXT2,CDY1,TAS2R43,TRR-ACG2-1
MROH5,NR1I3,LINC01366,CCR2
PNLIP,KDM1B,TRW-CCA1-1,ANKRD7
LINC01079,SUCLA2-AS1,GLTSCR1,SEMA3C
GFRA2,ACSL5,ASIC3,FUT4
MPHOSPH8,AIF1,SERPINB5,PTRF
SATB1-AS1,PIGW,KDM8,ASMTL
SCN8A,SNORD116-17,EIF1B,CSGALNACT1
CD200R1L,APLP1,SLC18A2,COL22A1
NOLC1,TRA-AGC6-1,LGALSL,ANIB1
UBE2J1,TRV-AAC4-1,SERPINA6,TADA1
CYP11A1,PRG2,C12orf40,MVK
BIVM,GSTM3,SPTY2D1,ZCCHC17
LPAR6,FRA2C,ALDH3B1,FLG2
HIST3H2BB,RDH14,CYB561A3,COLEC11
KIRREL3-AS2,EPO,PRNCR1,SEC16B
TTTY19,RPL10A,CCL21,COPS5
GIT2,GREB1,ZNF512B,CHR
TMEM57,LLPH,SNORD45C,SNCAIP
LHX5-AS1,THNSL2,MED10,LINC00511
TRY-GTA12-1,DEFB116,MORN5,RABGGTB
WSB2,C1orf185,SERP2,ATG10-AS1
FBXO48,OPCML-IT1,AKNA,HRH1
TAS2R50,PDF,RWDD3,LINC01381
PPFIA2,ZNF807,KRTAP1-1,SLC2A14
LINC00938,HRASLS5,DNAJC17,LYL1
LMO7DN,TRE-CTC6-1,TRBV6-1,SF1
LINC00326,ESRP1,LINC01187,TRR-ACG2-4
MMACHC,SHKBP1,FBP1,FAM212B-AS1
PEX19,POLDIP3,RNH1,TCEB3B
ZSCAN2,CER1,HLA-DRB1,LINC00943
MICU3,LUNAR1,CXCR4,TRK-CTT14-1
LARP4B,EPN3,TIMM8B,TRT-CGT5-1
PMEPA1,GAK,MT1E,GATA6-AS1
TRAFD1,PHYH,UST,TIGD2
SRRM3,CPEB4,ZNF507,DHRS7C
LINC01052,CDKN1B,LINC01105,C1orf131
FNBP1,SNORA38,BLOC1S4,RIDA
ALKBH3-AS1,MRPL45,RN7SL2,FNDC3A
EPPIN-WFDC6,LINC01298,TRDJ4,MTRNR2L6
MHAC,WBP1L,IRF2BP1,LUM
GPR35,CBLN3,ARL14EPL,GALNT4
ZNF850,TEX26,KPNA5,MLIP-IT1
TMX2,SORBS3,PTPRD-AS2,PIWIL2
KPNA4,ARHGEF2,LINC01504,UNC5D
PIGS,LRRTM4,TMEM88B,OXER1
GLRA3,SLTM,KIF18B,SNORA41
SNORD154,TMEM183A,LRP11,SMG5
IGHD3-3,OR4C12,PRICKLE2-AS2,TWSG1
REEP6,BACH1-IT3,WRAP53,IBD5
C1orf194,DEFB133,BTN3A1,JMJD1C-AS1
SLX4,IGAD1,TLN2,OTOP3
VEGFB,FAM73B,MYL1,OR5P3
STARD10,SNORD116-23,RHCE,CADM2
PIRC105,UTP6,OSM,FAM229B
SALRNA3,ARF1,NFIB,SLFN12L
ITGA6,NACA,SNORA110,ABL1
ZNF701,RIC1,DRAP1,PCSK6-AS1
COL6A2,ASMTL,QSER1,PIH1D2
LINC01095,GRM1,MMP17,CSTA
TRIL,RHOQ,NMTRQ-TTG8-1,PIRC92
ESRP2,NFE2L1,HTOR,TMEM59
TGM6,HDAC9,CHRNA10,DSCAM-AS1
TAF5L,TRA-AGC9-2,INSL4,LDLRAD2
SRGAP2,TRH-GTG1-9,KCNMB2-AS1,GALNTL5
CNTNAP3B,LRRC55,RBM5-AS1,DLGAP2
B3GALT1,CXCL11,NTM-AS1,POM121C
LINC00254,LPO,LY9,NAV2-AS3
CTSF,SLMAP,SDR39U1,PCDHGA7
ITPA,LIPC,PHLDA1,NDST3
NKX2-1-AS1,ADAT3,ZNF638,MYH9
CFAP73,OGFRL1,CFM1,RGS2
ADAL,FGFBP2,C17orf99,PIRC79
GFY,NDRG3,HAL,GZMM
CCND2-AS1,CCDC50,PLEKHG4B,LINC01134
C19orf38,GLCCI1,SSTR5-AS1,IGHV3-15
ADGRV1,ARPC4-TTLL3,PTPRE,FAM155A-IT1
RNASEH2B,OR10K2,STK17A,C8orf82
TBXA2R,CMTM4,KDELR3,AZGP1
TBX3,TNFRSF13C,C1orf131,SCNN1A
LRR1,AUNIP,LINC00484,CD24
PDE3A,GRP,ZNF599,ITGB1BP1
MECR,LINC01327,DZIP3,LRRC8D
PCDH20,DERA,CHURC1-FNTB,GFM1
GALT,TRA-AGC14-1,GPC5,PTBP1
GOLGA8S,HIST1H2BJ,HELZ,LINC00968
LINC01230,SNRNP70,IGHV1-38-4,FLT4
DNAJC5B,SNAR-A7,TPBG,BCAS3
ATG101,LINC01412,TMEM147,CCBL1
LINC01385,AMACR,DCD,TMPPE
FBXO33,LRRC7,EMX2OS,KRTAP19-2
MMP8,EGFLAM,UBL5,ADAMTS6
MRPL18,RPL31,OR8B2,TRBV10-3
ANKUB1,MAPK4,OR1D2,DFNB62
SDCBP2,SMG9,AGA,WWC2-AS2
ISPD,KRT33A,PALM2,KMT5A
MTA1,GLC1Q,RGS3,SPX
RNA45S5,LRIG1,GDF5OS,BNIP3
TTC26,SCARB2,ATAD2B,FKBP6
KTI12,C1RL,FAM124A,STARD6
C8orf46,C17orf50,WAC-AS1,FBXW12
KRTAP4-1,SH3RF1,ARTN,CC2D2B
WBSCR16,SNORD115-43,LRRC27,FSHB
SNHG24,TNFAIP2,C1orf185,TNS2
HAND2-AS1,DCAF7,LINC01075,PIRC93
POLR3E,TRF-GAA8-1,SNORA28,FAM150A
TSFM,ERVH-4,DUX4L25,MGP
LRRC47,IGKV2D-28,PRR5,CLK4
BORA,METTL7B,PRMT1,CPEB1-AS1
GLIPR2,ROR1,SNORA94,ETV4
SLC22A16,CYB5D2,COQ5,MSTN
APOC4,HTR1D,ASPDH,FAM27E5
GRAMD3,BNC1,L3MBTL4,GPR150
BCL6B,CAMK1G,NPIPB8,PTGES2-AS1
SLC12A4,ZNF436-AS1,KRTAP1-4,PPIF
TNFRSF1A,NAT10,FAM83B,LINC00529
FOCAD,C15orf32,TSHRL1,LMF1-AS1
LARS,NMD3,UCP3,KCNIP4-IT1
RNA5S14,CYBRD1,ULK4,ANHX
LYG2,DDX24,BHLHE40-AS1,AOC1
TRAJ49,PCDHGB6,CACNA1G,PRMT2
OTSC7,ICOSLG,PCNA,FAM163A
SH2B2,FAM25C,PPP1R18,TIAM2
TMEM220-AS1,ERDA1,TRIQK,PARP6
DUBR,HSPB8,ADAMTS19-AS1,UBE2B
RILP,SDC2,BLOC1S6,SLC24A4
GHRHR,CASC16,AP3M2,STAG3
B9D2,LINC01231,RNA45S3,NEU2
AKR1A1,SNORA21,PDE6D,IL20RB
PPP1R16B,LINC01360,KLK4,RBM44
RNF135,TRA-TGC6-1,TRL-AAG6-1,TRC-ACA1-1
FOXE3,SERF1B,GGT2,RBMY1E
LINC00404,LINC00320,INPP5E,LINC01255
EFNA2,TNFRSF21,SEMA3A,SNX11
TTTY3B,OPA5,FXYD2,TRQ-CTG14-1
HPV18I1,DFNA57,ZNF735,TBC1D4
LINC00388,CCDC142,ZNF526,ACTR5
TRI-AAT7-1,MUM1,PRSS50,MATN1
DPEP3,BIRC6-AS2,SF1,ACSM3
COG2,LINC01031,N4BP2L2,KIR2DL3
MS4A10,GNG4,SUSD4,FAM198B
TRD-GTC3-1,SNORA116,IGLJ1,HAUS1
MTX1,KCNV1,NFATC2IP,CYP2D6
SLC4A8,FKBP14,PKHD1,SOX11
BTG2,LINC01157,CD177,FGD2
SLC22A4,ADRA2B,SIPA1L2,C15orf65
LATS2-AS1,DNAJC2,VPS54,ZNF705G
FAM169B,TMEM52B,ANKLE2,NCKIPSD
TRIM64,SH2B1,GOLGA8N,PFDN5
MYO5A,OR8U8,IDI2,PARK11
EI24,TMEM53,LINC00972,SNX20
NSMCE1,MISP,ZNF658,GPC5-AS2
ATP1A2,FAXDC2,VPS18,LRRK1
MAP3K19,OBP2A,FRMD8,PCDHGA2
KLK3,CGN,Mar-09,LIMD1
USP24,COX16,EXOC3-AS1,C1orf95
CCNA2,PAFAH1B1,SNORD115-44,SCIMP
THSD7A,ZNF682,KRT222,FBXO36
SPDL1,DPYSL4,CD22,BRI3BP
N4BP2L2-IT2,CNOT2,B4GAT1,RPL10A
SFMBT2,MED16,VPS37C,TMEM102
SLC12A7,CA2,GAGE4,GNAS-AS1
ZNF334,TRS-AGA2-3,MADD,MROH2A
SNORD114-3,TMEM132E,LINC00658,PARK16
LRRC69,MYMY3,LINC01629,XKRY2
TMEM208,ZNF80,KCNC2,STARD3NL
FLVCR1,ZNF569,TRD-GTC2-10,MFSD9
CERS5,LMO4,HAS3,MVB12A
CHKA,ASAP1-IT1,NKILA,AHI1
TCEB1,TRX-CAT3-1,HMBS,SGSM3
SLC9A8,PRKAR2B,CYP46A1,TRF-GAA2-1
HIF1A-AS1,SCD,LZTS1-AS1,MMP12
C1orf123,THAP9,SYT4,RRP1B
FTCDNL1,IBD9,BFAR,VIM-AS1
CASP9,MYCBP2,PAQR3,HLF
CHED1,PROZ,CCM2L,ITGB8
SCHLAP1,OXTR,CD14,OR51F2
SERINC5,ALKBH1,ESRG,SNAPC2
EIF4G2,GRIA4,STK24-AS1,RAB37
APBB3,GFAP,PANDAR,UACA
TUBGCP2,CDH26,SNORD62A,RNF217-AS1
FIBP,CAND1,SRCIN1,SNORA48
CLEC4F,RP52,LDB1,PPP1R3G
CIDEB,TRS-AGA2-4,SV2C,LINC01005
HSDL2,MPZL2,VRK3,LUC7L3
EXOC3L2,ERVK-6,PREPL,KRT6A
RIOK2,DIRAS2,ART1,POU2F2
LRIT3,KRTAP9-4,CKAP4,CCNY
SRM,MTHFD1L,ENOSF1,AP5B1
DNTTIP2,SCZD7,SNX16,MATN4
PLA2G4D,KRTAP3-2,C8orf87,HOXD13
KRTAP2-2,IQCA1-AS1,KCNN2,MBD1
HIGD1B,SLC15A1,HTR4,ZBTB37
TRAV1-1,SEMA3A,SEC23A,TRQ-TTG8-1
GAS8-AS1,REG3G,DNAJC2,DAPK3
GUCA1A,CNR1,TMEM184C,LILRA2
ERVK-16,SNHG5,IGLV4-69,DYX1
UGGT2,IMPACT,MCU,HECTD1
CHRNB2,PIRC72,LYPD8,CTNND2
C1orf61,RFPL1,ZDHHC20-IT1,YEATS2
STRIP2,HUNK,SLC4A9,STT3A-AS1
ASH1L,SLC25A12,MBD3L3,SNAPC3
TRAJ35,TMCC1-AS1,NECAP2,C5orf28
DUXA,MROH5,C16orf13,ZNF641
SNORD54,OSR2,LINC00484,LINC01550
MYO5C,ZNF277,BZW2,RTBDN
LRRC57,OR2T29,RAB39A,ELDR
MS4A1,CCDC78,PTPRJ,TRQ-TTG3-3
TRAV9-2,CLEC6A,SMIM23,TRAJ19
GAGE2C,ABLIM2,MLIP-IT1,RMI2
NF2,SP6,FAM157B,MRGPRG-AS1
PTPRN,ZNF169,PYY,MRPS15
PARK11,MRPL30,LINC01587,MSRA
ECI2,OR4C11,SAMD14,CHMP5
SNCB,NOP14,FBLN2,TRMU
LINC00316,VCY1B,KAAG1,CYP27C1
DOCK9-AS2,TRF-GAA3-1,TBC1D10B,SH3TC1
LAX1,ELFN1,DOCK2,TAS2R1
B3GALNT1,FTSJ2,HOXA11-AS,WHSC1L1
MTNR1A,RBMS3-AS1,RASSF1,LINC01101
SIX6,KBTBD4,C8orf33,OR7E24
TP53TG3,KCNK17,LIME1,RALBP1
ATR,PPIE,SYNJ2,PLIN1
SLC26A5,ZRSR1,ACOT1,FRA6A
PAX1,DNTT,TRAPPC5,RNY5
DDX11L16,ZNF526,ZFP36L2,TNFSF15
ZNF780A,LINC01000,LTA,CCAR1
CRY2,HIST2H2BE,SPRN,AKR1C3
GPBAR1,AFAP1,KLHDC8B,ZNF646
LMBRD2,ERV3-2,RN7SL3,C5orf45
TRR-TCT2-1,SNORD144,PDE4DIP,CFHR2
TPRG1,KRT36,KCNV2,KANSL3
SCGB2B2,MRPS21,OFC1,TDO2
RFESD,SNRK-AS1,TRR-CCG2-1,ZHX1
GPR176,SREK1IP1,ERVK-24,L3MBTL4
GOLGA8A,FAM98B,SYNRG,TBPL2
SNPH,LRRC41,Mar-11,EML6
CDL1,TCP11,RPL12,LINC00176
PLVAP,GSTA3,GRIK1,RAB5C
FRA12E,CAPN10,PBRM1,EZR
OR51V1,TRL-TAG1-1,ST20-MTHFS,ZNF600
TRT-TGT4-1,OR1L1,IGLV1-47,KALRN
C11orf53,PRRT4,CHAD,GPR108
MX2,PRODH2,TMOD1,ODC1
TRBV2,OR13C4,IPO9,POTEH
CCT6A,EGLN3-AS1,ENO1-IT1,IL32
UPP1,IL1R1,TRQ-TTG6-1,FAM193A
LINC01612,GTSE1,LINC00881,MAPK1IP1L
FLNB,UBE2G2,LGALS4,RAMP3
TUBA4A,CASC18,HCHOLA4,LINC00462
ANKRD27,TRAV38-1,PLSCR3,CCDC13-AS1
TDG,C19orf48,TP73,C19orf24
KLHL18,RSU1,SYTL2,RTCB
KIRREL2,MROH5,DNAJC3-AS1,TRAV12-2
DNAJC30,ERVH-1,ZNF367,SLC27A4
STT3A,LINC01499,FAM229B,FLNB-AS1
LCAT,APLNR,MSK10,PTPRE
MAGI3,LINC01510,OR7G3,AASS
FAM41AY1,SNTA1,TRY-GTA4-1,SH3BP1
TRK-CTT7-1,CYP4X1,TRBV6-4,LINC00868
RASGRP2,SNORD33,NXPH1,HUNK-AS1
DFNA55,KRCC1,PLA2R1,MAFA-AS1
OSR2,NMUR1,PIRC106,KRTAP4-4
KCNH6,C22orf29,CENPF,SCARNA4
VNN2,PCED1B-AS1,ZNF720,MRPS31
RNU6-2,CFLAR,ZNF35,DAO
SDHAF2,KAT5,FAM209B,H1FX-AS1
FBF1,MRPL23,PIGN,ADAM9
RNF130,LINC01290,KLK8,CRIPAK
TRSUP-CTA2-1,IZUMO3,SPATS2L,SIPA1L1
SERPINB4,CHCHD4,C9orf129,SUPT20H
FGF12,KCNC4-AS1,LINC00352,GAB2
LRRC18,GBP5,COA1,PTOV1-AS1
LINC00364,INS-IGF2,CACNA1C-IT1,TRIP10
EI24,TNFRSF25,ACOT2,LOXHD1
FALEC,SNORD72,PNLDC1,FAM159A
DCAF7,E2F5,GPAT2,NSD1
PNPLA8,MRGPRF-AS1,NRAS,HYLS1
CAPN15,EBAG9,MSI1,RSPO3
ZCCHC9,REG3A,RGS7,FRA2G
ZNF346,ZNF429,FRA8E,PPP3R1
SFXN3,CSTB,KRTAP9-1,ID1
MAGI3,FBXO6,IFT52,PLEKHO2
MAL,CCDC50,GLTSCR1L,LYPD6
LINC01237,OR6K2,LINC00176,CARD14
LINC00836,ZGLP1,AIF1,STAU2-AS1
TACR2,WNT5A,TRE-CTC8-1,FAM131A
TSKS,LRRC58,CSF3R,UBR5-AS1
TRE-TTC2-2,TLN2,TRBV7-7,FGD2
NCOA6,OR4K5,TMC8,USP31
CCEPR,HLA-C,SNORD38A,ALDH5A1
EGFR,MYCBP2,MGLL,ATP1B3
ZNF335,TP53TG3D,TRAJ50,ADGRE2
HAGH,TAS2R10,CASC18,TRIM64
FCGBP,EAF1,PCDHGB6,VRK1
SFI1,HIST1H3C,SGCB,PCSK6-AS1
TRIM34,OR10A7,HLA-A,SMYD1
TRAJ14,DRC7,LIX1L,RASSF2
PIRC79,DAPK2,ASPM,AUP1
MLLT4,LINC00846,CYLD,ARG2
OR51B6,SRP14-AS1,LMO7DN-IT1,RRBP1
ZNF584,SRXN1,CYLD,ZNF772
OR6B1,CFAP58,SEC63,KCTD17
KRT37,ZNF385C,ZNF844,LINC01068
CUL9,CD53,USP48,GALNT18
MUSK,C9orf50,CFH,TMF1
CRMP1,MS4A13,CBR3-AS1,C7orf43
MRPL45,AP3B2,WDFY4,FCMTE3
ZNF606,USO1,CLSTN1,TRIM33
ANKRD30A,CEBPZOS,SLC28A2,PARTICL
ADAP2,KIR3DS1,KANSL3,ALDH16A1
PIK3R1,BRINP1,PEX3,MCM8-AS1
MT1E,FRG1,FUCA2,MROH6
PDXP,MTMR14,FBLN7,MRPS7
GPR137,CMD1H,NAA60,EYCL1
CBX2,LYVE1,RFTN1,WDR7-OT1
ZNF804A,TRC-GCA13-1,IL9R,SOX4
SLC5A1,MYH7B,GAPDH,FBXO39
LINC00352,SLC13A2,FBXL2,TMEM117
SLC35B3,FBXO38,CLDND2,FAM13A-AS1
SLF2,SIRT6,TSC2,PLOD3
ZNF202,TMPRSS4-AS1,ISM1-AS1,HORMAD2-AS1
POGLUT1,PRMT9,LRRC7,GNA14
C6orf118,BIVM-ERCC5,PPP6R1,SPRY4-IT1
LINC01020,NUDT1,DMKN,FAM184B
LINC00958,MAGEL2,DDIT4L,MFN1
KIR2DL1,AASDH,TRAPPC3,DIXDC1
CDH17,PRSS21,TM9SF1,SNORD36C
RN7SK,COX5A,OR3A1,AQP8
CETN3,NCL,KCNK9,LINC00449
ADARB2,MRO,SIDT1-AS1,PCGF5
UBQLNL,CCT2,SULT1B1,FYCO1
TMEM179,SULT2A1,FRMD4A,ZRANB2-AS2
RBM8A,ZNF350,SFT2D3,TRQ-CTG1-1
MBD4,LPAR2,C2orf81,SAP30
IDDM17,TRP-TGG3-3,TRD-GTC10-1,CROCC2
RAX,FAM187B,CLEC4A,COL4A4
TCERG1L,TRNT1,LGALS4,ZBTB7C
POLR2M,NRXN2,FUK,LINC01176
TMEM223,THOC1,FCRL6,TTLL5
ARL6IP5,LINC00664,SCN2A,PPP6R2
CPEB4,CD3D,MTA3,SFTPA1
MUS81,FAM210B,TDRD9,LINC00511
LRRC3,IMP4,DYTN,LINC01336
SNAR-C3,APOA4,SWT1,SERPINB13
PEE1,METTL7B,MS4A13,MEA1
AGAP11,FLAD1,ALDH5A1,ZNF407
PEX13,LINC00888,GPR158,CDK17
YIF1A,YEATS2-AS1,DCTN5,LRP1
COPZ1,TMEM141,SF3A3,ANAPC5
PIN1,MAML3,ZC3HC1,HNRNPLL
SNORA11B,FRA16B,NECAB1,TRA-AGC13-2
SLFN13,SRC,IGHA1,PRSS27
ZBTB5,APOBEC4,DSC3,NARF-IT1
ADAMTS1,CD109,TNK1,EPS8L1
CIB2,BLOC1S1,DCAF10,C6orf141
MSANTD1,GYPA,CDKN1A,COPE
RPL23,LSMEM1,NANOGNB,GYS2
MINOS1-NBL1,LRRC8A,C10orf95,EPAS1
SLC45A2,P2RY2,SAA2,DNAJC16
TRL-AAG6-1,PDE9A,LINC01315,SLC25A22
XIRP2-AS1,SERPINE3,TRIM49C,PPARGC1A
ATP6AP1L,GPR139,FOXN3-AS2,SRI
SNORD116-29,MTA2,DCP1A,IGHV3-53
SCARNA22,CSRP2BP,LINC00463,WDR27
OR13C4,SLC25A46,WISP2,LINC01535
VIM-AS1,ATG2A,JPH2,KIAA2013
PGF,KRT34,TRAJ57,SMAD5-AS1
CHRNB4,DFNA54,KRT6C,SLFN12
PHLPP1,G3BP1,FAM197Y8,RPGRIP1
CCDC78,TRQ-CTG11-1,CPSF6,SULT1B1
CST8,TNNT2,TRAV26-2,PXDNL
NELFCD,GAS6,PLPP5,SEMA5B
ASB16-AS1,KPNA2,PDE6A,IL16
IGHV3-64,HSPG2,EPB41L3,LHX1
LINC00343,SERPINB12,STX3,PTPN18
FOXI3,ARG2,FAM53A,C9orf24
HCVS,SEMA6A,LEFTY2,SYNJ2
LINC01153,NMTRL-TAA2-1,PLIN3,GSK3A
TESK2,AVPR1A,TMOD3,SSR2
B2M,CDH1,THEGL,LINC01358
POU4F3,CDK5,SLC35E1,IGKV2D-40
PLXNA2,ADCY9,NPHS1,AGAP4
AZF1,SYT13,IFITM5,C14orf28
RNA18S2,ENDOD1,LEFTY1,ZNF835
FLOT1,IFT140,ZNF92,EGFLAM
CTRB1,CUEDC2,GPR19,TSHRL1
ZMYND15,NDUFS6,CCNL1,CENPO
RNF212B,CLCC1,FLG2,MNAT1
LDOC1L,IGHD5-12,PCDHGA3,COLCA2
BACE2-IT1,KCNQ5-AS1,ETS1,IGHJ6
DDX11L3,CPTP,ABCC4,DAGLA
SAR1B,BPIFC,ZNF696,AHSA1
TXNDC15,GBA2,GOT1L1,TMEM132E
GRAMD1B,XKR9,TRUND-NNN1-1,KDM6B
SCARNA18B,LINC00381,FOXP4-AS1,VPS26A
GNG12-AS1,IGHV7-81,HAL,POC5
STK39,SNORD115-13,GNLY,TTLL8
TRGJP2,CTPS1,LINC00709,TRAPPC3
SLC19A3,UQCR11,GAS1RR,RHOV
SNORD116-10,RBM11,C7orf61,HMGCS1
NMT2,OR1Q1,LINC01022,CSPG4
LINC00609,RNF207,RNA5S17,SNTG1
TTC30A,SLFN14,CLYBL,CMTR1
PDE3A,SEC14L2,IGHJ5,SNORD115-5
CPB2-AS1,LAMA4,CASC16,CXCL14
USP17L2,CPNE8,MGMT,BMP10
TNFAIP8,TSC22D2,SNORD116-19,NMTRP-TGG1-1
TMPRSS11E,ITGAD,ZBTB2,RALGPS1
BZRAP1-AS1,FBXO36-IT1,ARHGEF1,PIRC107
SLC25A11,INHA,SNORD158,LINC00297
CCDC70,RIMBP3B,FNDC5,LINC01423
FAM157C,GSS,FRG2,SLC3A1
KCP,DGCR9,MRFAP1L1,RGS9
CYP1B1,CGREF1,ASPRV1,RAB5B
FANCG,ZNF730,ACHE,RPS3A
TAAR1,LGALS3BP,NDUFB2,CEACAM6
DYNC1LI2,MREG,ADRA2A,KRTAP9-6
SNORA12,WSCD2,NRP1,OR4D1
LHFPL3,PTPN5,TRIM63,GRAMD2
FCGR1A,CDH3,TRAFD1,CDYL
MRGPRE,C5orf49,RNASEK-C17orf49,SMARCA4
TRF-GAA1-1,RCHY1,ARHGEF15,DIANPH
CENPL,CBX4,KCNK4,FRA16D
ZFP36,ARL3,KRTAP12-4,SNORA2A
ANO6,DHX36,MRPL43,LINC01374
STOML2,MSK38,TMEM41A,MAPRE2
DPH7,FRA2J,LINC01170,PON2
ATG2A,OTUD7B,EXTL1,TRK-CTT2-3
PLEKHJ1,TRK-CTT11-1,GIPC3,RHOU
PTPN21,IL1RL1,CEP250,FRA2K
GAK,TBCE,undefined,MGAT2
GSG1L2,SLC1A5,HIST1H2BD,ITGB3BP
TRPC7-AS2,FCGRT,EDC4,TMEFF2
KIT,C5orf52,IL12A,ELK4
NUDT18,KAZN,EVA1B,PATL2
OR2C3,DLGAP1-AS1,LINC-PINT,UNC13B
ERVK-10,KIR2DS2,KCTD3,RRBP1
ZP2,MCDR1,TRBJ1-1,PDCD6IP
KSR1,RNF19B,CPM,GLYATL3
TMPRSS11F,ZMIZ2,QRFPR,NOP14
SNAR-E,LINC01138,IL22RA1,DNAJA2
KTN1,ANKRD30A,NXPH3,ACIN1
SLC12A4,LINC01529,PXDNL,SLC17A4
HS1BP3,EIF2AK2,BGLAP,LGALS9C
HAO2,ZNF230,AFF3,LINC00312
HNRNPLL,SCYL1,PRR20E,IGDCC3
RAD21-AS1,ZNF73,ARID3C,CACNG7
SAMD14,SH2D4B,DPP9-AS1,ZNF28
TSSC1,SMCR5,IKZF1,SLC1A4
DCUN1D5,PIRC55,FRA14B,TNPO2
IGHV4-30-1,NCOA1,ILKAP,CSRNP3
USP17L25,TRD-GTC4-1,SAMD4A,GPR148
ARHGEF7-IT1,ZNF408,ZDHHC17,PCGF1
MGAT3-AS1,LBP,PPIL2,TRAV38-2DV8
FRA6F,MC5R,ATL2,LINC01335
FLII,LMNB1,TRAV16,LRRC28
PCDHB8,NHLRC1,SNORD114-29,FOXD1-AS1
PRPF6,PRKCA-AS1,COMMD2,IGFL2
ZNF729,CYP46A1,C16orf62,SETD3
PNKP,SMCP,ZSWIM7,AMBP
OR14I1,ATL3,PRB1,ATP6V0D1
CUL1,KIAA0141,ZG16,LINC01432
TMEM199,MC3R,POLR2I,CPNE1
ALB,GUCY2C,HSF4,CYB561D1
SGF29,TGFA-IT1,C9orf147,IGAD1
TMEM67,PLCB3,ST8SIA6,PPP1R1C
PHLDB3,VCAM1,MYP12,CD93
NMTRS-TGA3-1,UCHL1,CABP7,MRE11A
FBXL13,VARS,NME2,ACTL8
STIL,NEURL2,IGF2BP2-AS1,SPATA8-AS1
CPOX,ZNF214,MRAP,LINC00899
TRC-GCA3-1,FGF8,C14orf142,PCBD1
LINC00851,ATG16L1,LINC01445,SCA25
STRN4,ZBTB9,VARS,SNORA74B
TRL-TAA1-1,UBA6,CYP51A1,TRT-CGT3-1
DNAJC1,PLCD3,HS3ST6,BMPR1B-AS1
SNORD84,CST8,IGHD2OR15-2A,TGIF2LY
NRROS,LINC01205,GPR62,Mar-05
ASF1B,FOXD1-AS1,SLC16A10,DFNB31
KIAA1211,PTLAH,GADD45GIP1,ALG10B
SHANK2-AS2,CDK8,RIOK3,CLTA
TMEM134,RAN,IGDCC4,SNORD143
TSC22D1,ABL1,TM4SF1,DLG1-AS1
SLC12A7,SCHLAP1,OC90,NCKAP5-IT1
HSF2BP,ARMC6,GBX1,FBLN7
SOX6,OGFRL1,CINP,WASF1
GBD2,SLC19A3,IL22RA1,LRIT1
SEPSECS,C15orf38-AP3S2,IGFL1,EDNRB-AS1
C12orf54,POLR3E,SMAP1,TRIM49C
DACH1,MYO1B,CUBN,KMT2D
DHX58,CEP135,HERC1,POTEI
CDCA7,NYS4,KBTBD13,OR2J3
RNVU1-2,RABGGTA,GMEB2,ARHGAP35
POLR3E,GNB4,SLC46A3,KRTAP6-1
TOPORS-AS1,GNAT1,PLA2R1,OR5I1
DENND1B,PI4K2A,FLNB,SLC26A6
CDKN2AIPNL,CYP27B1,CWF19L1,TCF7L1
OR1I1,RNF146,CDO1,OR51B4
LINC00381,ACTN1-AS1,CYB5D2,ASL
IGHV3-9,BORCS7,SLC25A39,DTX3
CYP11A1,DBF4,LYNX1,CITED4
MPDZ,TSFM,CFDP1,NHLRC1
PHACTR2,PIRC107,TRIM62,LINC00607
EWSR1,AHNAK2,BLM,MBOAT2
QRFPR,KIAA0196,VCL,SSSCA1
GSS,APCS,LINC01076,AKR1C4
SNORD166,TMPRSS11A,VCP,CLK3
TRR-ACG1-1,RPRML,MAFTRR,LRRC29
LRP1B,PSMG1,MDC1,MST1R
CYB5R3,CARMN,DPP10-AS3,DPPA4
CAMKK1,YTHDC2,IGKV1-16,KMT2A
PRICKLE4,HPFH2,NDEL1,MCAT
ZRANB1,VANGL1,BHMG1,CUTC
SLC22A25,GSTA5,FAHD2B,PARP12
PDCD1LG2,TMEM247,SNORD126,DVL3
TRIM2,ALS5,C6,SYNM
ZNRD1,PCDH15,PLPP5,UROS
ARID5A,GLG1,TFB1M,PLA2G2A
EFNA4,RNA45S5,HOXB5,COX8A
CCDC85B,PARD6G,TOMM22,SAI1
ZNF628,DPH2,SPPL2B,MPHOSPH6
SLC16A13,DNA2,SNORD113-6,TRV-TAC3-1
TRF-GAA4-1,GPR4,HBG2,NADK
ZNF197,CALML3-AS1,CRKL,LINC00346
PTK2,KLHL5,CCDC54,CCDC116
DDHD1,UNK,RCBTB1,OR6C4
USP17L8,ISOC2,RAB4B,DIRAS2
PRDM14,OR5B21,TTYH2,OR4F6
VPS53,HPS5,DUXB,FAM27D1
BTF3,RBM4,TMEM220-AS1,KANK2
ARL5C,PLSCR4,ADM2,ZNF780B
CHCHD6,OR51F2,SACS,MYO1H
GOLGA8A,COL6A5,SLAMF8,UBAC2-AS1
LHFPL3,PUS7,OR4D5,BLM
C10orf11,PARD6G-AS1,WWC2-AS2,PRODH
PPARD,IBD9,PAAF1,TIGD2
KNG1,ARHGEF40,ZNF609,LINC01451
KIAA1671,MYOM1,SNORD164,HIST2H2BF
DIRC3,C7orf69,SNORD115-5,SLC25A22
TRAV8-2,C17orf97,KCNRG,TRX-CAT1-8
GFOD2,TMEM53,ERBB3,TTYH1
RBM12B,CCDC28B,STX18-IT1,DHRS1
TAP2,KCNN4,TCHP,FAM109B
LINC01455,MAP4K4,TRAJ2,GIMAP7
EAPP,KDELC1,CCDC50,GAD2
GAPDHS,LINC01089,KCNH1-IT1,DNASE1L3
PDZRN4,LINC01104,UFC1,AMMECR1L
SRY,C6orf47-AS1,C1orf159,PRAMEF9
NOX5,GH1,LCE1C,GALNT11
ACAN,DNAJB5-AS1,STK11,MCHR1
ZNF226,VWF,KRTAP5-3,BCAR4
GRPEL1,FGF6,NEBL,RNF186
LYZL1,LARP4B,CYTH4,TNFRSF12A
SCAR2,RBM22,ZNF681,PRDX5
TRG-GCC2-4,COL18A1-AS1,MYEOV,SLC13A5
UBR1,TERF2IP,ARHGEF38,CBLN4
ATOX1,GALNT4,DYNAP,NHLRC2
IGHD3-16,C10orf71-AS1,QRFPR,NAT2
AKTIP,CACYBP,GPX8,WDTC1
AFM,L1RE4,PIRC60,LINC01001
NAP1L5,PSMD11,OAT,OSBPL3
IRX2,ZNF331,C8A,G6PC2
SLC22A25,DEFB103A,OCIAD1-AS1,FRMPD1
LINC00398,RPS13,DSPP,ZP2
KCNG4,ZNF467,NPR2,SLC22A2
SLC22A25,TPSG1,S100A10,PSMA6
LINC00836,LINC00514,CCS,MAPK13
ZNF652,LINC01276,TRDJ4,VPS16
EXOSC1,SKP1,ACTG2,OR51A4
IDH1-AS1,DDR1-AS1,TM6SF1,TRMT5
TAS2R14,TGM4,DIS3L2,C16orf47
SNX18,TAF12,CCR1,GUCY2D
INPPL1,ZFP1,SUGP1,AGAP9
PIRC104,PRKAG3,LYPD3,PAPPA-AS1
EVI2A,NPHS2,TNXB,CNTNAP3B
SNORD115-15,CCAT2,KRT71,AICDA
CLEC3B,DLG5,ACO2,OR52E5
C9orf43,SNORD19,POLD4,CACNA1C-IT1
C9orf173,LINC00967,LY6G6F,ELFN1-AS1
LINC00603,HIPK1,SEC23B,CACNG7
DOCK3,FCER1A,NUP155,IGSF9
SLC22A12,DMC1,TRC-GCA8-1,KIAA1217
YAM1,CHERP,MBNL1-AS1,SDHAF1
SCAMP3,DBNDD1,EIF3J,HNRNPA2B1
TBC1D27,LINC00052,FAM57B,LINC01504
RIF1,DUX4L7,CPED1,ACOT12
WISP1,LINC01287,LKAAEAR1,SLC10A4
ASCL3,LRRCC1,TBC1D3K,IGLV11-55
SLC4A7,FARSA-AS1,COL5A2,DDX39A
TCF23,PCDHB11,BASP1,SPG36
TRK-TTT13-1,GZMM,PIEZO1,LIMA1
RNA5-8S1,MAFK,SYCP2L,EMILIN2
TBC1D8,CREB3L2,GREM1,TSSK3
RNASEH2B,CTNND1,PODXL2,STYX
IGKV1-33,KLHDC10,ATP5G2,NUGGC
ACP6,METTL14,TRAV8-3,IGHJ1
RASSF8,C8orf74,GSKIP,LAPTM5
LINC00364,SCAMP1,CKS1B,ZRANB3
PHPT1,DYT17,RIT2,ARF5
LAMB3,DEFB106B,ZNF778,ERVS71-2
TRH-GTG1-7,IL17RD,GOLGA7,MROH5
RBAK-RBAKDN,TRC-GCA3-1,STOML1,C9orf24
SMG7,RNVU1-19,SYCP3,LINC00355
ZNF730,PLAGL2,FAAP24,SNORD141B
IGF2BP2,LINC01268,MCTP1,LINC01065
MADD,LINC00387,USE1,RPS7
ACAA2,GRIN3B,TRAV1-2,B3GAT2
OBP2A,ZFP1,USP9Y,SFTA3
UCN,TRBV11-1,FARP2,PDGFRB
BLM,PIRC86,CASC6,FAM87B
TRF-GAA2-1,OVGP1,PARP15,CTR9
HAND2,CPPED1,OR8B2,YARS2
IGLV2-14,IGL,UPK3B,GPR141
LAT,ASRGL1,YWHAE,DNAJB7
FRA1I,PIRC65,TGFA-IT1,DYNC2LI1
MSK32,DSCAM-AS1,POU3F3,AP2A1
KLF18,HOXA9,AGER,COL2A1
C11orf72,KRT2,A1BG-AS1,FLVCR1-AS1
IFITM2,KDF1,SNORD35B,GNAO1
HECTD1,NECAB2,GSK3A,ARHGEF17
ZNF764,ERVW-27,KRT6C,TRX-CAT3-1
RPS20,TRG-CCC8-1,UNC13C,DNAJC27
VLDLR-AS1,CLEC4D,TRIM2,SNAR-A12
PIGC,RGPD2,SLX4IP,TRGV3
TM2D2,BRIP1,MRGPRX3,SGTB
RNF112,PRKCA,ZNF32,TGIF2
XPO5,SYNJ2-IT1,RBFOX1,KATNB1
BOK-AS1,CDK5,SNORD59A,TBC1D10A
DAXX,DFNA58,ABCA9-AS1,SYNPR-AS1
FCHO1,CHRAC1,TBC1D27,DENND1A
KIAA0895L,MAP2K1,ATXN2L,OAS1
PRORY,SSTR4,CTAA2,SDHC
DTX3L,AQP9,CEBPZOS,NUP210L
ZC3H4,CSH2,IGSF6,B4GALT3
LINC00700,RRNAD1,YWHAZ,CCR9
CTLA4,ZNF862,AMD1,TRV-CAC12-1
LINC00350,DPF1,ZNF132,TMEM117
PHYHIPL,TRP-TGG3-2,MAP4,HIST2H2BF
C17orf98,CLIP3,NIPBL,SWAP70
FERD3L,MADD,TRIM13,MRPL40
ZNF689,RNF125,MYADML2,SF1
GRXCR1,GTF2H2C,ITGAV,NEK9
LGALS7B,KLHL35,TMPRSS11E,HIST1H2BB
LINC01073,CFAP44,PIRC30,DFNA57
RNF186,MTRNR2L8,LINC00489,MUC13
ZNFX1,NID2,SNORD14E,RAPGEF4-AS1
ZNF44,ANXA1,C8orf76,CSRP2BP
SH2D1B,GABRP,CDY2B,PAXIP1-AS1
SSH2,HIVEP1,LINC00477,TRK-TTT2-1
RPS3A,B9D2,PTH2R,C5orf28
SNORD140,SCD5,ATRIP,BRINP2
CD200,IL11RA,LINC00276,FBXL20
GSG2,AGTRAP,LINC01485,DHH
SNORD103A,KCNIP2,CLGN,ZNF425
WBSCR28,SLC51B,BRDT,TMTC1
GPM6A,FOXE3,CFHR5,RECQL
OLFML1,TMEM68,TRA-AGC13-2,ZKSCAN8
LINC00324,LINC00444,NPY,LINGO1-AS1
MEIG1,SPP2,LINC00939,ARL5C
CEMIP,FBP1,MARK2,R3HDM4
RIMS3,WIPF2,ARMC3,CASP5
TAF1B,SCX,RIBC2,PTPRC
TGIF2LY,TRBV11-3,NIT2,ECT2
MGST1,FAM120AOS,TMEM251,TRIM52-AS1
A4GNT,SMG7-AS1,TRAJ21,PRAMEF1
TRT-AGT2-1,TXNDC12,WSCD2,TRIM39
PLAUR,ZFP36L2,UPK3A,UPP2
CDC45,SUGP1,PSMA3,SERPINC1
C1RL-AS1,C3orf36,PIGN,NUP133
TRT-TGT3-1,LRRC47,THEG,TAF11
FAM136A,HAAO,ZSWIM3,BAGE3
MRPL37,NPIPB8,PLEKHM3,URB1-AS1
TP53INP2,GPR180,PHF5A,TNFRSF10B
GAN,PLXNB1,TRV-TAC1-1,NEK2
MAP4,FAM25D,TOM1L1,PGAP3
RNA18S3,ASIP,ZBTB7C,TMEM30B
TFF3,RWDD1,XYLB,NLRP2
DMBT1,ZKSCAN8,GDF10,RERGL
PLSCR5,PAXIP1-AS2,SNAR-C5,UBQLNL
S100A11,SPATC1,VRTN,HELB
SLC5A2,ERVK-24,LINC00379,DPAGT1
TFAP2B,BRAT1,PDE3A,PAXBP1-AS1
AQP10,RBMS3-AS2,DEPDC1,UAP1L1
SNORA17B,EMC6,NKTR,CD1B
NRL,PLPP5,CPED1,LINC00572
PDE4D,CCRL2,VRK2,UBASH3A
SPPL2C,CHST3,ATXN7L3,PURG
HVBS7,LINC00261,GAS1RR,LINC00861
CACNG4,C14orf79,PHYHD1,ZNF215
CXCR2,VPS13A-AS1,LYSMD2,NUP98
PIGV,SLC28A3,CTSK,LIN28B
PROK1,ZNF664,TFCP2,LIAS
ITPKB-IT1,LINC00501,TUBB8,SOCS4
DPYS,HOXB2,KREMEN1,ZIC4-AS1
NPIPB3,AGTPBP1,B4GALT2,HUNK
ZNF528,ANKZF1,SNORA58,CENPU
TRGV3,Feb-01,TRK-TTT13-1,TRBV10-2
PAPD7,SPINK5,ZNF548,CYP2A7
DNAJA3,PLEKHM1,AHNAK,H2AFX
DIXDC1,DLD,IGHV3-64,MYO18B
GOLGA2,RNF180,SOX12,NCBP3
OR10V1,STC2,NAV2-IT1,BARX1
ELMO1-AS1,WRAP53,E2F8,PKD3
ARSI,CYSRT1,RFXAP,SCRT2
DHODH,KLHL10,MZT2A,EDN2
EIF2S2,SHISA6,NT5M,PANDAR
ERVK3-4,LINC01493,UBL4B,MTOR-AS1
WAPL,B4GALNT2,CD300LG,TSHRL2
TRK-CTT12-1,LGMD1G,SH3BGR,KRTAP10-1
TRBD1,NRG1,KCNH8,SLC26A9
RBM18,DUS3L,SCARA5,ITPKC
ATP23,FAM46C,RBBP9,MMP24
EXOC5,OTUD7B,CD164L2,BFAR
SMG8,NPIPA7,BOD1L1,TPM3
TRAJ22,LINC00668,TGFB2,GABRB3
TRE-TTC11-1,SLC6A13,MFN1,OR14I1
BTN3A3,CFLAR-AS1,LMO3,CNTN4
FABP4,COTL1,PC,REPIN1
SLC38A3,MYMY3,PLBD1-AS1,TXNDC2
PPM1A,ADAM32,LILRB5,LINC00363
OR7G2,DEFB104B,TUBB3,WWTR1
ARFRP1,LINC01430,SCLT1,STEAP3
ZNF480,SLITRK5,MROH2B,NGDN
USP45,LINC01563,GALR2,CDH20
LINC01298,LINC01272,MPV17L,IGLV2-33
ITPRIPL2,ALKBH5,PTGS1,PCF11-AS1
CEP295NL,TPT1-AS1,REPIN1,CAPN13
PHKG1,MFAP3,FRA1E,MSRB3
CRY2,GNAT2,PEBP4,CHCHD3
BCO1,SNHG9,KIAA0754,PPY
PKN2-AS1,IBD2,CYP2A7,PDE6C
PNPLA5,SSBP2,KCNMB2,RHOH
DUSP7,LYL1,PDZD9,TES
RNASE9,CCDC15,RPS3A,LAMC3
RNU6-2,GNGT2,OR6V1,GIMAP5
EFHB,ZNF43,MED13L,DENND4B
SDR42E2,FRA8E,CEP70,LINC00310
MAFG-AS1,SGK1,MALL,HNRNPA1
UEVLD,SPINT3,KIAA1161,LINC01392
ACOT8,ERC2,C1orf116,LINC00508
RNF121,NAGPA-AS1,SOS1,BACE2-IT1
OR6K6,TTTY2,SLC16A14,RHOJ
ERICH1-AS1,LGR6,GALNT10,BBS7
MRT28,TRA-CGC5-1,PRSS53,WASL
HS3ST2,TRBVC,LPCAT2,SHD
PINX1,LINC01054,C1QL3,CLEC18B
FBXW9,KCNG1,PPRC1,AMFR
ZNF330,LINC01568,ABCB11,ERVK3-1
EFCAB12,TSPAN17,CDK6,LRRN1
CNTN3,CASC3,TTN,SVOPL
CHST4,ZNF408,CAPN12,FIS1
C3orf33,IL9R,MFSD12,PFM3
NEK5,RLN3,CHD3,ZMYND19
ADCY8,OVCA2,IFNB1,CREM
HEY2,PSENEN,EVI5L,KCNJ5
IQCF6,JAML,NETO1,KLHL42
SNAR-G2,ELOVL7,GRN,SLC6A20
SPAG11A,CCDC103,MCKD2,FTO-IT1
SAR1B,TPBGL,PHOSPHO1,ELFN1-AS1
ZNF648,LINC01080,C17orf82,HDAC11-AS1
CAPN9,MUC13,AP3M1,FRA11E
SLC15A5,CLLU1,DPP10-AS2,MRS2
LASP1,SLC4A11,LINC01607,CACD
KLRC2,IGKV1D-33,GOLGA6L2,TRC-GCA13-1
HBP1,KLK6,DFNB47,LINC00857
MRPS34,NECAP1,ERBB2,CCL24
HMBS,NR1I2,NOP56,CNPY2
CERS2,OR5B12,AZIN2,CHD9
AGAP2,GBP2,DHDDS,CNOT8
B3GALT5,ABCA1,ATF7IP2,MYL2
SCHIP1,TRIM54,C1GALT1C1L,CCDC90B
HEXA-AS1,KRTAP19-2,DDX24,TFAP2B
ZNF367,LINS1,HCRTR1,BCAM
OR51M1,CGA,FAM111A,GBF1
SF3B3,PRAMEF6,TNF,LINC01505
ZC3H14,ALAS1,TMC3,TRD-GTC6-1
GAS2L1,IL18BP,ASB10,DFNA63
PINLYP,ERICH3-AS1,UBXN10-AS1,PHOX2B
C20orf202,RHOT2,TMEM8A,HUNK
KCNK12,FOXP1-AS1,PDCL3,FRA11G
TMEM30B,EEF1A2,OR52E6,IQCA1
PPAT,ANKRD12,CGB2,PGBD4
EMC9,NAAA,SLC25A34,C21orf91
RPRD1A,GRIN2C,OTULIN,TRAJ5
SNORD70,NFE2L2,ZSCAN12,SPATS1
CPAT1,LINC01549,LINC01330,ERBB3
NKPD1,PRKD3,OR10A7,TCAF1
SRP72,PDK1,SPATA5,DYNLL1
DFNB93,LINC00974,CPT1A,CLGN
SCARNA1,DFFB,DFNY1,C15orf48
TRW-CCA6-1,FHAD1,TM4SF1-AS1,ZIC4-AS1
PRKCA-AS1,LINC01422,SRCIN1,ODF4
LINC00927,PEX1,SPG25,ZNF503-AS2
CDC14C,C17orf77,GINS2,RRAGA
CDH26,FAM73B,RNF186,EHD4
ZNF692,MSTO1,ANXA11,MYCBP2-AS1
EIF4E2,LINC01598,GFPT1,CCER1
ZNF74,VEZF1,TCP1,MGME1
ZGPAT,PAWR,DDX10,GAS8-AS1
FASLG,CCNJL,SNORA112,IGLV5-45
CCNJL,CCDC141,GLC1M,TAX1BP1
GSN-AS1,ABCA6,LINC01104,SPTY2D1-AS1
TRAJ40,HSPD1,PICK1,R3HDM4
FECH,CPN1,USP50,ZAR1
REEP4,GSK3B,ELF2,MRPS24
USP8,GRAMD1A,DSC1,SGTB
UPF2,OR5AU1,TSPYL4,MRPL33
YME1L1,CXCL12,SFN,LINC00899
WBP1L,TRIM34,ZW10,GCK
AIS2,HIST1H2BF,ARFGAP3,FSBP
RAB37,BLNK,DDR2,TMEM38A
NOP9,DCLRE1B,ARV1,GGA1
LGALSL,RETN,HS3ST3B1,DDX19A
RBP1,MUTYH,RBFOX3,ASB8
USP3,KAT2B,GDPGP1,CNIH4
LURAP1,LINC01059,LRMP,SPDYE18
ZNF705A,SFTPA1,RIPPLY3,G6PC
IDUA,KLK2,C2orf27B,PCOLCE-AS1
PCAT2,SNORA31,LY86,MCPH1
SMARCA2,SPATA13,SPINT3,TCEA3
ARL5A,RIC8A,OGFOD1,IGKV3-7
ABALON,CYP2C9,CD37,PLA2G12A
SDR39U1,PRSS23,OCLM,LINC00333
DMRT3,SMARCC2,ANKDD1B,SNORD97
ZSCAN2,CELA2A,RAD50,LPIN2
TNFRSF10B,BUB3,FAM81A,LEF1
OSBPL2,ZNF514,ANKRA2,RANBP3L
KIF5B,CDH26,TTLL9,RAB1B
IDDM9,KCTD18,LUADT1,PGAP3
WDR41,FBXO24,NUP54,TWIST1
LINC01493,ERVFRD-1,USP13,C3orf33
PADI2,CDIPT-AS1,FGF23,CHRDL2
SLC25A19,HOXC-AS1,SLC8A2,ZNF135
TSSC4,RBM46,ZNF311,KSR2
DFNA58,IGHV3-43D,F10,MEPCE
SIX6,LINC01090,SLC16A13,DEFB119
P3H1,SNORD58A,RAB19,KCNK7
TBX20,CCR1,HELZ,PTPRCAP
MRPS16,NOP2,ESYT1,RBM27
SNORA21,B4GALT7,CHPF2,SLC25A26
FOXS1,CECR5,DPP8,SIAE
CERS3-AS1,AMMECR1L,LINC00551,NFE2L1
LINC00371,TMEM240,PLCL1,ERVW-23
AGR2,CLASRP,PECAM1,CCDC25
LINC00347,CTGF,GRAMD4,OR2A25
SPEG,ZHX3,IGFN1,PTGER1
KRR1,ARID3A,ANKRD39,CISD1
GPANK1,RAPGEFL1,UBTD1,TTTY22
DSG1,NR1H2,RIMS3,LINC00977
CD68,SPRN,MYP7,NANOG
ARL16,FOXE1,TRK-TTT3-3,NDUFS4
STARD10,RNF216-IT1,GUCY2C,LINC01013
SSBP4,ATP5J2,IGSF3,TRK-TTT14-1
IQCJ,TBXAS1,DGCR6L,TBC1D3D
ERG,LINC01613,HMBS,CTTNBP2
THEMIS,HOXD1,PTHLH,PPIB
SCA18,PIRC86,SSTR5-AS1,MLPH
GNPDA1,GNPAT,TBC1D32,TXK
TBC1D20,RSAD1,DDA1,IGKV5-2
ZNF326,OR52W1,TRI-TAT2-2,DLEU2
SNORD17,TMEM130,MYP17,ARHGAP23
LEFTY2,GDPD4,TBX15,PRAC2
FEZ2,LINC00384,KIAA0753,GMPR
C20orf187,MFSD2B,C9orf153,OR5A2
ERI2,SLC4A1AP,LINC00928,POU6F1
DNAJB12,DTWD2,SCAANT1,FBXO34
DEFB125,CPN1,VCY1B,MTIF2
ANKRD20A3,ZFP2,GREB1,CREG1
TBC1D4,AGTR1,ZNF592,LINC00955
ANKZF1,GORASP1,SNORD2,CSTF1
SMIM7,DEFB115,SMAD1-AS2,RPL3
SHISA4,ZFP36,C1orf56,NPW
FAM84A,WISP1,SLC8A1,LINC01413
LAIR2,IL1F10,F11,FGFR4
CCDC178,CERS4,TRIB2,ADI1
AGRN,MELK,LINC01515,SYT12
SLAMF6,ADRB1,MOCS1,THRAP3
SYTL2,CHD1L,NMT1,EME2
IFNGR1,CIAPIN1,MFSD8,FBN3
DBH-AS1,RNF207,RNF144A,OR10A3
MTA2,R3HDM1,LINC00996,Sep-11
HIPK2,MSANTD3-TMEFF1,TRIM49C,AVPR1A
GABRA6,RIMKLA,TRIM66,KLRC3
ZSCAN4,SEC11A,COMMD5,CD14
EGLN1,ARHGAP1,DBN1,MESTIT1
BACE1-AS,SLN,DPPA4,FNTA
IGHD5-18,CYGB,FBP1,PACS2
SH3BP5L,TMEM179B,CMC1,NOVA2
KANSL1L,OR5A2,COX6C,CH25H
GGPS1,WDR75,ICS1,SNRPD1
SPATS2,SH3RF2,SLC35F4,CEACAM7
ARIH2OS,ADAP1,PIWIL1,RASL11A
OR2M5,ADAM17,TACR3,PCDH9-AS2
LINC00364,TMEM126A,DHRS4L2,ETFB
PIRC81,LRP3,LINC00410,VPS13C
TRHDE-AS1,PFKP,HHEX,HIPK1
KRTAP4-16,HMG20A,IFT52,IGF2BP3
KRTAP4-4,SNORD78,OR52B2,HCG4B
NPAS3,CCL4L1,LINC00374,GOLGA8A
EXOSC1,CHRD,CHML,TDRP
MYH7B,LINC01535,KLHL10,NDUFA10
LRR1,RALY,EXOC4,DNAJB13
FBXL19,SNORA7B,TRPM6,NBPF20
OR11H1,PRR4,LAMB1,LINC00886
PDGFRL,IGLC2,CBX2,LINC01137
TRT-CGT2-1,GBP6,THUMPD1,C1orf122
PRR7-AS1,IDO1,DFNB83,TRIM31-AS1
ZNF768,LIMS4,SMN2,MYCBP2
LINC00708,TNNT1,EPS8L1,LINC01445
BACE1-AS,HMGCLL1,IGLC7,TM4SF20
CXCL9,HCAR1,IGKV2-24,CMYA5
LINC01527,LINC01594,CCDC110,SCX
TRBV24-1,ATP5J2,AHSA2,SNAR-A3
HCG18,CCDC88A,APEX1,KCNQ1DN
PIRC111,OLFML2B,LINC01198,SEL1L
RGS12,FOXP4,CTXN2,KIAA0895L
LINC00538,HSF2,NEK4,TNFRSF13B
KCNS1,NPR3,FIS1,GOT1L1
FAM182B,MLF1,CPZ,TAF9
PQLC2,HYPK,DPP8,TCEA1
LINC00594,LRIT3,SF3B1,LLGL1
SNHG5,KMT2D,LINC00587,SNORD114-28
DFNA42,LINC00381,TRMT10C,SH3GLB2
TNFRSF11A,HOTTIP,CBWD1,B3GALT4
PQLC1,FMNL2,SMIM24,COPS3
PEBP1,KIF5C,TTC7A,SNORA107
SLC37A2,AP1B1,ZNF425,CDRT7
MT1B,LINC00626,CSK,RNA18S4
SLC5A3,LTF,GYPA,FREM2
CCAT1,KIR2DL2,TRMT112,SLC26A5
TMEM210,ERVK-7,COIL,EVX1-AS
CLASRP,TP53TG1,KCNIP2,TMEM201
EML4,ITGB5-AS1,DNM3-IT1,FAM169A
TRR-CCT6-2,IL36G,PELI3,LRIG2
ALOX12B,TRM-CAT1-1,PIWIL4,DEFB114
TRPV5,BOLA1,CDKN1B,SCGB3A1
ZYG11A,DAP3,ANKRD18A,ZC2HC1B
GADD45GIP1,SLC5A3,STEAP2-AS1,BDKRB1
DAPK1,FKBPL,H2AFY,PNKD
RNF219,TRAJ11,LTBP1,LRRC27
IGF2-AS,SMAD1-AS1,SLC4A1,ZBTB9
RRNAD1,OR51G2,LZTS1-AS1,CBX1
HAUS3,CPXM1,FCRLA,IQCE
ANKRD7,MT1G,TAP1,ABHD16A
LINC00896,DFNB60,NTM-AS1,IL2
ADAMTSL1,ELK3,PSMD5-AS1,C20orf85
PLCB1-IT1,ZNF625-ZNF20,CNOT6,COL1A1
USP12,ATP5B,FGFRL1,SLC4A2
FITM1,CGB1,NEDD8-MDP1,LYPD1
ASCC1,KCNJ18,SNORA91,SLX1B
CCDC96,HSPA12B,RNF10,LINC00665
PLEKHM1,GPATCH1,SNCAIP,MEIKIN
SMIM23,COMMD3-BMI1,LINC01609,TRK-CTT14-1
ANKRD40,TRMT2A,PDCD6,RNF133
AATK-AS1,C20orf166-AS1,TRE-TTC11-1,LRRK2
TICRR,SNORD115-24,SLC9A9,DFNB55
GIPR,FHL3,DCDC2B,LINC01327
EAPP,OR13C5,PMS1,IL17RA
KRTAP12-4,ENTPD5,TRE-CTC5-1,NKS1
DMKN,LINC01348,GORASP2,LINC00173
PET117,BAZ2A,EZR,GMPS
PGGT1B,TRPV5,HIST1H2BL,GAPDHS
MAP2,LINC00221,HIST1H2AE,SNORD133
RSPH10B2,RAB10,LINC00284,RBMY1A1
UBE2R2,IRF2BP2,GTF3C4,CDKL2
TRA-AGC21-1,RNF180,TEX29,SMPDL3A
CCT5,SDF2L1,POR,PPP3CB-AS1
LRRC8B,RILPL1,BLOC1S3,DYNLRB1
MTG2,SNORA19,TMEM25,DEFB4B
SLC17A7,ADAT2,GPR89B,CPT1A
CFAP36,SLC22A14,PLA2G15,CCT7
NPAS3,CCDC129,SPPL2C,SNAR-C4
LINC01587,LLGL2,LINC01154,SHROOM1
MAPK11,SBF2,ELMSAN1,TRA2B
NFE4,LPL,LSM3,VPS13B
UBXN11,LRRD1,ANGPTL6,OR1L6
TDRD12,SNORD17,CHURC1-FNTB,HDAC3